District Name,District Code,PK,K,1,2,3,4,5,6,7,8,9,10,11,12,SP,Total
Abby Kelley Foster Charter Public (District),04450000,       0,     117,     116,     120,     118,     117,     115,     117,     114,     111,      97,      99,      98,      86,       0,"   1,425"
Abington,00010000,      51,     173,     168,     161,     144,     162,     140,     169,     161,     169,     146,     160,     153,     152,       8,"   2,117"
Academy Of the Pacific Rim Charter Public (District),04120000,       0,       0,       0,       0,       0,       0,      53,      72,      73,      76,      82,      63,      63,      58,       0,     540
Acton-Boxborough,06000000,      73,     286,     321,     365,     372,     404,     390,     414,     410,     421,     406,     465,     450,     426,       4,"   5,207"
Acushnet,00030000,      28,      86,      83,     117,      95,      80,     108,     104,     100,     109,       0,       0,       0,       0,       0,     910
Advanced Math and Science Academy Charter (District),04300000,       0,       0,       0,       0,       0,       0,       0,     127,     125,     125,     146,     155,     147,     141,       0,     966
Agawam,00050000,     106,     227,     257,     251,     230,     278,     254,     272,     308,     275,     281,     281,     217,     271,       0,"   3,508"
Alma del Mar Charter School (District),04090000,       0,     100,     103,     102,     103,      52,      49,     146,      94,      48,       0,       0,       0,       0,       0,     797
Amesbury,00070000,      25,     134,     122,     116,     125,     142,     157,     166,     155,     147,     136,     126,     136,     157,       8,"   1,852"
Amherst,00080000,      32,     127,     134,     146,     132,     157,     161,     140,       0,       0,       0,       0,       0,       0,       0,"   1,029"
Amherst-Pelham,06050000,       0,       0,       0,       0,       0,       0,       0,       0,     210,     203,     212,     206,     220,     224,       8,"   1,283"
Andover,00090000,      54,     313,     349,     442,     402,     417,     458,     455,     452,     476,     437,     437,     408,     446,      28,"   5,574"
Argosy Collegiate Charter School (District),35090000,       0,       0,       0,       0,       0,       0,       0,     108,     109,     109,      65,      85,      64,      31,       0,     571
Arlington,00100000,      65,     453,     484,     533,     467,     508,     461,     483,     456,     436,     363,     352,     359,     335,       0,"   5,755"
Ashburnham-Westminster,06100000,      29,     136,     144,     184,     156,     161,     178,     191,     189,     179,     166,     165,     132,     172,      12,"   2,194"
Ashland,00140000,      50,     191,     180,     202,     200,     222,     208,     229,     224,     218,     195,     175,     224,     211,       0,"   2,729"
Assabet Valley Regional Vocational Technical,08010000,       0,       0,       0,       0,       0,       0,       0,       0,       0,       0,     306,     291,     283,     269,       0,"   1,149"
Athol-Royalston,06150000,      46,     100,     109,     117,     127,     122,     118,     113,     116,     111,     100,      79,      78,      85,       4,"   1,425"
Atlantis Charter (District),04910000,       0,     110,     110,     110,     109,     110,     110,     110,     110,     110,      58,      87,      76,      86,       0,"   1,296"
Attleboro,00160000,     104,     335,     416,     397,     407,     422,     456,     433,     463,     479,     450,     448,     471,     456,      15,"   5,752"
Auburn,00170000,      66,     161,     182,     187,     167,     206,     195,     213,     218,     202,     168,     201,     176,     171,       5,"   2,518"
Avon,00180000,      11,      42,      46,      52,      54,      50,      62,      55,      59,      61,      53,      49,      50,      39,       0,     683
Ayer Shirley School District,06160000,      51,     118,     142,     120,     128,     140,     137,     136,     137,     137,      99,      95,      81,      82,       0,"   1,603"
Barnstable,00200000,     124,     327,     342,     359,     379,     340,     364,     358,     351,     389,     355,     335,     334,     345,      11,"   4,713"
Baystate Academy Charter Public School (District),35020000,       0,       0,       0,       0,       0,       0,       0,      71,      79,      77,      70,      67,      53,      52,       0,     469
Bedford,00230000,      28,     160,     183,     201,     213,     191,     199,     205,     200,     206,     207,     209,     230,     183,       0,"   2,615"
Belchertown,00240000,      35,     141,     138,     146,     155,     150,     161,     175,     167,     187,     174,     187,     157,     171,       5,"   2,149"
Bellingham,00250000,      57,     125,     130,     139,     139,     157,     143,     159,     188,     164,     156,     128,     147,     149,       3,"   1,984"
Belmont,00260000,      48,     253,     341,     339,     348,     372,     335,     365,     367,     343,     334,     318,     335,     322,       0,"   4,420"
Benjamin Banneker Charter Public (District),04200000,      19,      52,      46,      47,      50,      48,      42,      40,       0,       0,       0,       0,       0,       0,       0,     344
Benjamin Franklin Classical Charter Public (District),04470000,       0,      96,      96,      96,      96,      96,      96,      96,      52,      52,       0,       0,       0,       0,       0,     776
Berkley,00270000,      41,      77,      95,      86,      75,     101,      93,      91,     109,      96,       0,       0,       0,       0,       0,     864
Berkshire Arts and Technology Charter Public (District),04140000,       0,       0,       0,       0,       0,       0,       0,      64,      68,      67,      51,      43,      47,      32,       0,     372
Berkshire Hills,06180000,      15,      68,      60,      66,      53,      56,      84,      70,      90,     100,     113,     118,     148,     122,       1,"   1,164"
Berlin-Boylston,06200000,      33,      74,      84,      70,      78,      67,      84,      74,      92,      77,      85,      72,      74,      82,       0,"   1,046"
Beverly,00300000,      82,     371,     385,     366,     359,     349,     348,     364,     373,     350,     295,     339,     341,     302,       9,"   4,633"
Billerica,00310000,     106,     371,     364,     364,     364,     351,     396,     369,     385,     403,     266,     279,     302,     239,      10,"   4,569"
Blackstone Valley Regional Vocational Technical,08050000,       0,       0,       0,       0,       0,       0,       0,       0,       0,       0,     318,     314,     298,     301,       0,"   1,231"
Blackstone-Millville,06220000,      46,     105,     107,     119,     125,     108,     147,     112,     132,     145,      99,     110,     112,      94,       4,"   1,565"
Blue Hills Regional Vocational Technical,08060000,       0,       0,       0,       0,       0,       0,       0,       0,       0,       0,     247,     232,     217,     194,       0,     890
Boston,00350000,"   2,673","   3,244","   3,508","   3,635","   3,637","   3,583","   3,306","   3,196","   3,340","   3,413","   3,399","   3,795","   3,532","   3,616",     235,"  48,112"
Boston Collegiate Charter (District),04490000,       0,       0,       0,       0,       0,       0,      88,      97,     106,      95,      91,      93,      80,      73,       0,     723
Boston Day and Evening Academy Charter (District),04240000,       0,       0,       0,       0,       0,       0,       0,       0,       0,       0,      73,      52,      26,     205,       0,     356
Boston Green Academy Horace Mann Charter School (District),04110000,       0,       0,       0,       0,       0,       0,       0,      47,      62,      66,      87,      78,      84,      81,       4,     509
Boston Preparatory Charter Public (District),04160000,       0,       0,       0,       0,       0,       0,       0,     100,     107,     105,     124,      85,      78,      72,       0,     671
Boston Renaissance Charter Public (District),04810000,     117,     125,     140,     141,     139,     120,     102,      59,       0,       0,       0,       0,       0,       0,       0,     943
Bourne,00360000,      39,      81,     115,     103,     141,     128,     155,     138,     165,     157,      98,      94,     111,     114,      11,"   1,650"
Boxford,00380000,      27,      78,     105,      80,      87,      99,     111,      92,       0,       0,       0,       0,       0,       0,       0,     679
Braintree,00400000,      79,     313,     395,     421,     366,     413,     420,     438,     479,     485,     366,     413,     438,     430,       0,"   5,456"
Brewster,00410000,      18,      67,      64,      62,      53,      80,      76,       0,       0,       0,       0,       0,       0,       0,       0,     420
Bridge Boston Charter School (District),04170000,      31,      40,      38,      37,      40,      40,      35,      30,      27,      20,       0,       0,       0,       0,       0,     338
Bridgewater-Raynham,06250000,      93,     386,     401,     423,     435,     424,     405,     408,     431,     485,     309,     327,     361,     373,      11,"   5,272"
Brimfield,00430000,      10,      31,      43,      26,      41,      40,      31,      47,       0,       0,       0,       0,       0,       0,       0,     269
Bristol County Agricultural,09100000,       0,       0,       0,       0,       0,       0,       0,       0,       0,       0,     123,     120,     107,      98,       0,     448
Bristol-Plymouth Regional Vocational Technical,08100000,       0,       0,       0,       0,       0,       0,       0,       0,       0,       0,     343,     351,     334,     291,       0,"   1,319"
Brockton,00440000,     212,"   1,149","   1,046","   1,069","   1,173","   1,296","   1,283","   1,218","   1,240","   1,326","   1,096","   1,228",     981,"   1,009",      58,"  15,384"
Brooke Charter School (District),04280000,       0,     185,     195,     190,     196,     192,     177,     182,     176,     178,     148,     120,      73,      41,       0,"   2,053"
Brookfield,00450000,      12,      32,      35,      35,      40,      35,      41,      36,       0,       0,       0,       0,       0,       0,       0,     266
Brookline,00460000,     153,     488,     501,     505,     545,     495,     543,     568,     503,     555,     509,     490,     515,     503,      18,"   6,891"
Burlington,00480000,      73,     260,     269,     282,     286,     297,     277,     256,     239,     256,     205,     218,     229,     241,       0,"   3,388"
Cambridge,00490000,     448,     591,     531,     525,     534,     481,     477,     424,     403,     417,     428,     478,     476,     451,      14,"   6,678"
Canton,00500000,      24,     219,     241,     234,     221,     256,     250,     242,     283,     243,     213,     209,     265,     258,       6,"   3,164"
Cape Cod Lighthouse Charter (District),04320000,       0,       0,       0,       0,       0,       0,       0,      84,      84,      82,       0,       0,       0,       0,       0,     250
Cape Cod Regional Vocational Technical,08150000,       0,       0,       0,       0,       0,       0,       0,       0,       0,       0,     174,     168,     150,     134,       0,     626
Carlisle,00510000,       9,      53,      51,      63,      68,      68,      58,      66,      78,      65,       0,       0,       0,       0,       0,     579
Carver,00520000,      35,      98,     127,     124,     108,     139,     112,     114,     114,     125,     106,      98,      72,     104,       0,"   1,476"
Central Berkshire,06350000,      41,      81,     110,      95,     110,     113,      93,     107,     115,     136,     144,     117,     122,     131,       0,"   1,515"
Chelmsford,00560000,      76,     350,     349,     381,     391,     373,     363,     383,     393,     359,     358,     335,     342,     373,       0,"   4,826"
Chelsea,00570000,      57,     477,     490,     515,     515,     503,     422,     472,     505,     424,     432,     457,     368,     290,       9,"   5,936"
Chesterfield-Goshen,06320000,       0,      11,      18,      12,      16,      16,      13,      15,       0,       0,       0,       0,       0,       0,       0,     101
Chicopee,00610000,     121,     412,     464,     459,     505,     552,     528,     520,     569,     547,     542,     539,     527,     563,       2,"   6,850"
Christa McAuliffe Charter Public (District),04180000,       0,       0,       0,       0,       0,       0,       0,     130,     140,     129,       0,       0,       0,       0,       0,     399
City on a Hill Charter Public School Circuit Street (District),04370000,       0,       0,       0,       0,       0,       0,       0,       0,       0,       0,      69,      74,      67,      89,       0,     299
Clarksburg,00630000,       0,      18,      15,      20,      30,      13,      22,      20,      30,      22,       0,       0,       0,       0,       0,     190
Clinton,00640000,      41,     146,     124,     171,     135,     149,     140,     133,     165,     143,     135,     120,     103,     121,       1,"   1,827"
Codman Academy Charter Public (District),04380000,      20,      20,      21,      21,      21,      22,      21,      23,      22,      21,      43,      39,      31,      23,       0,     348
Cohasset,00650000,      25,     100,     105,     103,     103,     114,      94,     119,     130,     108,     103,     116,     103,     125,       0,"   1,448"
Collegiate Charter School of Lowell (District),35030000,       0,      77,      84,     116,     122,     116,     120,     100,     121,      90,      29,      40,       0,       0,       0,"   1,015"
Community Charter School of Cambridge (District),04360000,       0,       0,       0,       0,       0,       0,       0,      30,      40,      64,      55,      37,      47,      31,       0,     304
Community Day Charter Public School - Gateway (District),04260000,      34,      40,      40,      43,      44,      42,      41,      43,      35,      38,       0,       0,       0,       0,       0,     400
Community Day Charter Public School - Prospect (District),04400000,      32,      21,      30,      48,      50,      50,      42,      42,      43,      41,       0,       0,       0,       0,       0,     399
Community Day Charter Public School - R. Kingman Webster (District),04310000,      32,      42,      42,      44,      45,      44,      40,      41,      35,      35,       0,       0,       0,       0,       0,     400
Concord,00670000,      37,     175,     217,     220,     229,     209,     233,     215,     230,     236,       0,       0,       0,       0,       0,"   2,001"
Concord-Carlisle,06400000,       0,       0,       0,       0,       0,       0,       0,       0,       0,       0,     339,     340,     321,     311,       5,"   1,316"
Conservatory Lab Charter (District),04390000,      49,      49,      53,      54,      54,      55,      51,      30,      32,      30,       0,       0,       0,       0,       0,     457
Conway,00680000,       7,      13,      16,      17,      16,      19,      20,      17,       0,       0,       0,       0,       0,       0,       0,     125
Danvers,00710000,      87,     264,     256,     261,     256,     265,     262,     273,     258,     259,     218,     205,     205,     236,       4,"   3,309"
Dartmouth,00720000,      79,     213,     251,     235,     238,     250,     236,     284,     280,     308,     260,     242,     282,     261,       0,"   3,419"
Dedham,00730000,      72,     202,     217,     183,     175,     187,     171,     203,     209,     247,     163,     172,     170,     177,       8,"   2,556"
Deerfield,00740000,       8,      24,      52,      39,      54,      47,      38,      49,       0,       0,       0,       0,       0,       0,       0,     311
Dennis-Yarmouth,06450000,      77,     206,     227,     246,     195,     228,     245,     202,     233,     228,     148,     170,     156,     178,       0,"   2,739"
Dighton-Rehoboth,06500000,      38,     186,     176,     207,     193,     202,     201,     198,     231,     231,     180,     169,     178,     220,       6,"   2,616"
Douglas,00770000,      31,      60,      91,      83,      74,      95,      95,      89,      86,     101,      84,      75,      94,      93,       0,"   1,151"
Dover,00780000,       8,      61,      80,      76,      75,      88,      87,       0,       0,       0,       0,       0,       0,       0,       0,     475
Dover-Sherborn,06550000,       0,       0,       0,       0,       0,       0,       0,     162,     187,     162,     176,     161,     164,     169,       4,"   1,185"
Dracut,00790000,      40,     300,     308,     307,     311,     275,     309,     294,     303,     323,     211,     214,     227,     229,       8,"   3,659"
Dudley Street Neighborhood Charter School (District),04070000,      45,      47,      43,      43,      39,      42,      35,       0,       0,       0,       0,       0,       0,       0,       0,     294
Dudley-Charlton Reg,06580000,      73,     218,     235,     241,     253,     244,     261,     289,     329,     291,     262,     213,     261,     264,       5,"   3,439"
Duxbury,00820000,      29,     185,     170,     175,     194,     195,     217,     194,     227,     245,     242,     241,     226,     249,       1,"   2,790"
East Bridgewater,00830000,      71,     134,     143,     139,     165,     149,     164,     149,     178,     172,     143,     164,     160,     151,       0,"   2,082"
East Longmeadow,00870000,      12,     139,     166,     153,     190,     167,     188,     193,     204,     188,     203,     221,     206,     172,       2,"   2,404"
Eastham,00850000,      22,      21,      30,      28,      29,      34,      30,       0,       0,       0,       0,       0,       0,       0,       0,     194
Easthampton,00860000,      22,     109,     117,     116,     107,     113,     126,     110,      92,     114,      97,     101,     111,     108,       2,"   1,445"
Easton,00880000,      57,     146,     222,     228,     244,     248,     271,     294,     268,     307,     265,     286,     286,     274,      14,"   3,410"
Edgartown,00890000,       5,      40,      46,      47,      37,      43,      36,      55,      35,      38,       0,       0,       0,       0,       0,     382
Edward M. Kennedy Academy for Health Careers (Horace Mann Charter) (District),04520000,       0,       0,       0,       0,       0,       0,       0,       0,       0,       0,     100,      98,      98,      89,       0,     385
Erving,00910000,      13,      14,      17,      15,      11,      13,      21,       9,       0,       0,       0,       0,       0,       0,       0,     113
Essex North Shore Agricultural and Technical School District,08170000,       0,       0,       0,       0,       0,       0,       0,       0,       0,       0,     426,     413,     381,     344,       0,"   1,564"
Everett,00930000,     250,     363,     532,     490,     536,     517,     524,     514,     528,     547,     562,     532,     530,     457,       1,"   6,883"
Excel Academy Charter (District),04100000,       0,       0,       0,       0,       0,       0,     174,     181,     177,     180,     181,     174,     164,     158,       0,"   1,389"
Fairhaven,00940000,      20,     115,     113,     122,     130,     140,     142,     160,     150,     144,     150,     183,     158,     188,       3,"   1,918"
Fall River,00950000,     223,     715,     848,     828,     866,     867,     902,     784,     828,     810,     567,     644,     564,     552,       0,"   9,998"
Falmouth,00960000,      82,     193,     223,     228,     259,     228,     247,     248,     253,     257,     199,     240,     185,     183,       4,"   3,029"
Farmington River Reg,06620000,      18,      16,      17,      10,      12,      14,      10,      10,       0,       0,       0,       0,       0,       0,       0,     107
Fitchburg,00970000,     101,     315,     416,     468,     390,     441,     416,     416,     388,     374,     337,     373,     316,     352,      13,"   5,116"
Florida,00980000,       0,      11,       7,       8,       2,      11,       6,       4,      18,      13,       0,       0,       0,       0,       0,      80
Four Rivers Charter Public (District),04130000,       0,       0,       0,       0,       0,       0,       0,       0,      38,      37,      35,      37,      40,      28,       0,     215
Foxborough,00990000,      67,     167,     178,     155,     167,     187,     164,     173,     215,     209,     189,     188,     197,     183,      11,"   2,450"
Foxborough Regional Charter (District),04460000,       0,     148,     150,     154,     153,     152,     149,     152,     145,     151,     117,      95,      85,      63,       0,"   1,714"
Framingham,01000000,     195,     660,     659,     794,     688,     722,     723,     624,     656,     627,     661,     654,     554,     516,       0,"   8,733"
Francis W. Parker Charter Essential (District),04780000,       0,       0,       0,       0,       0,       0,       0,       0,      64,      75,      68,      68,      66,      58,       0,     399
Franklin,01010000,      73,     265,     278,     328,     329,     350,     328,     348,     383,     414,     414,     429,     436,     449,       6,"   4,830"
Franklin County Regional Vocational Technical,08180000,       0,       0,       0,       0,       0,       0,       0,       0,       0,       0,     171,     147,     131,     106,       0,     555
Freetown-Lakeville,06650000,      33,     199,     214,     208,     210,     200,     217,     204,     229,     234,     199,     194,     156,     205,       0,"   2,702"
Frontier,06700000,       0,       0,       0,       0,       0,       0,       0,       0,     114,     126,      99,      99,     102,     103,       6,     649
Gardner,01030000,      56,     153,     161,     145,     167,     140,     177,     191,     176,     205,     184,     137,     151,     159,       9,"   2,211"
Gateway,06720000,      26,      46,      49,      52,      72,      51,      59,      77,      69,      58,      49,      50,      39,      53,       3,     753
Georgetown,01050000,      17,      83,     105,     104,      99,      91,      96,      82,     116,      88,      74,      83,      91,      89,       0,"   1,218"
Gill-Montague,06740000,      34,      55,      56,      70,      75,      65,      72,      71,      82,      76,      49,      38,      39,      58,       6,     846
Global Learning Charter Public (District),04960000,       0,       0,       0,       0,       0,       0,      89,      89,      91,      90,      39,      47,      34,      24,       0,     503
Gloucester,01070000,      66,     224,     219,     202,     199,     208,     223,     206,     201,     199,     258,     202,     193,     159,       7,"   2,766"
Gosnold,01090000,       0,       0,       0,       1,       0,       0,       1,       0,       2,       0,       0,       0,       0,       0,       0,       4
Grafton,01100000,      86,     204,     247,     193,     235,     238,     244,     286,     246,     267,     213,     234,     240,     183,       5,"   3,121"
Granby,01110000,      24,      47,      54,      65,      52,      43,      58,      45,      51,      51,      49,      58,      65,      54,       0,     716
Greater Fall River Regional Vocational Technical,08210000,       0,       0,       0,       0,       0,       0,       0,       0,       0,       0,     374,     367,     359,     352,       0,"   1,452"
Greater Lawrence Regional Vocational Technical,08230000,       0,       0,       0,       0,       0,       0,       0,       0,       0,       0,     420,     428,     400,     386,       0,"   1,634"
Greater Lowell Regional Vocational Technical,08280000,       0,       0,       0,       0,       0,       0,       0,       0,       0,       0,     596,     584,     560,     538,      18,"   2,296"
Greater New Bedford Regional Vocational Technical,08250000,       0,       0,       0,       0,       0,       0,       0,       0,       0,       0,     567,     527,     521,     498,       0,"   2,113"
Greenfield,01140000,      54,     121,     141,     121,     130,     138,     122,     119,     119,     116,      95,      88,     103,      78,       0,"   1,545"
Greenfield Commonwealth Virtual District,39010000,       0,      32,      37,      40,      51,      46,      48,      55,     101,     109,     132,     112,      87,      93,       0,     943
Groton-Dunstable,06730000,      37,     127,     155,     169,     172,     175,     155,     197,     172,     182,     171,     168,     188,     189,       5,"   2,262"
Hadley,01170000,      18,      36,      28,      35,      26,      31,      39,      35,      44,      48,      50,      38,      36,      42,       0,     506
Halifax,01180000,       0,      67,      60,      82,      99,     100,      80,      81,       0,       0,       0,       0,       0,       0,       0,     569
Hamilton-Wenham,06750000,      31,     122,     122,     122,     134,     122,     120,     136,     127,     130,     124,     129,     131,     140,       0,"   1,690"
Hampden Charter School of Science East (District),04990000,       0,       0,       0,       0,       0,       0,       0,      86,      85,      88,      83,      87,      56,      55,       0,     540
Hampden Charter School of Science West (District),35160000,       0,       0,       0,       0,       0,       0,       0,      54,      71,      68,      59,      41,      27,       0,       0,     320
Hampden-Wilbraham,06800000,      85,     156,     193,     185,     189,     197,     204,     196,     216,     219,     261,     246,     276,     242,       0,"   2,865"
Hampshire,06830000,       0,       0,       0,       0,       0,       0,       0,       0,     128,     117,     101,      99,     135,      98,       5,     683
Hancock,01210000,       5,       5,       9,       7,       4,       9,       6,      12,       0,       0,       0,       0,       0,       0,       0,      57
Hanover,01220000,      52,     192,     211,     204,     176,     209,     197,     212,     183,     216,     182,     175,     188,     212,       5,"   2,614"
Harvard,01250000,      22,      47,      61,      58,      78,      67,      80,      77,      86,      85,      85,      71,      92,      97,       0,"   1,006"
Hatfield,01270000,      12,      17,      29,      33,      23,      38,      27,      37,      33,      35,      22,      25,      41,      25,       0,     397
Haverhill,01280000,     182,     472,     585,     606,     651,     641,     643,     705,     677,     697,     533,     451,     413,     482,      33,"   7,771"
Hawlemont,06850000,      13,      13,      11,      13,      12,      23,      16,      17,       0,       0,       0,       0,       0,       0,       0,     118
Helen Y. Davis Leadership Academy Charter Public (District),04190000,       0,       0,       0,       0,       0,       0,       0,      33,      80,      80,       0,       0,       0,       0,       0,     193
Hill View Montessori Charter Public (District),04550000,       0,      35,      32,      33,      34,      40,      34,      31,      32,      32,       0,       0,       0,       0,       0,     303
Hilltown Cooperative Charter Public (District),04500000,       0,      20,      20,      20,      21,      22,      22,      30,      31,      32,       0,       0,       0,       0,       0,     218
Hingham,01310000,      27,     215,     254,     275,     292,     299,     321,     298,     336,     291,     306,     332,     327,     317,       4,"   3,894"
Holbrook,01330000,      37,      87,     110,     117,     106,     116,     106,      89,     101,      96,      96,      78,      67,      57,       5,"   1,268"
Holland,01350000,      11,      20,      18,      26,      33,      29,      26,      31,       0,       0,       0,       0,       0,       0,       0,     194
Holliston,01360000,      61,     176,     192,     169,     213,     224,     229,     227,     222,     230,     194,     199,     212,     201,       5,"   2,754"
Holyoke,01370000,     266,     349,     400,     379,     351,     405,     353,     368,     375,     341,     361,     380,     378,     447,       0,"   5,153"
Holyoke Community Charter (District),04530000,       0,      57,      82,      88,      77,      86,      83,      85,      73,      71,       0,       0,       0,       0,       0,     702
Hoosac Valley Regional,06030000,      27,      73,      90,      72,      70,      80,      76,     103,     107,      95,      64,      58,      70,      47,       3,"   1,035"
Hopedale,01380000,      80,      81,      71,      66,      78,      82,      78,      77,      90,      90,      81,      67,      84,      74,       0,"   1,099"
Hopkinton,01390000,      75,     270,     278,     308,     272,     312,     297,     303,     297,     322,     260,     315,     289,     327,       7,"   3,932"
Hudson,01410000,      26,     166,     184,     186,     213,     197,     209,     163,     200,     206,     171,     182,     169,     144,       0,"   2,416"
Hull,01420000,      31,      43,      54,      54,      55,      58,      57,      61,      62,      65,      59,      65,      65,      73,       0,     802
Innovation Academy Charter (District),04350000,       0,       0,       0,       0,       0,       0,     100,     100,     102,     100,     108,      98,      86,      96,       0,     790
Ipswich,01440000,      27,      88,      97,     107,     131,     115,     121,     113,     122,     136,     134,     123,     142,     136,       2,"   1,594"
King Philip,06900000,       0,       0,       0,       0,       0,       0,       0,       0,     385,     347,     306,     269,     328,     305,       6,"   1,946"
Kingston,01450000,       0,     134,     149,     150,     150,     140,     162,     150,       0,       0,       0,       0,       0,       0,       0,"   1,035"
KIPP Academy Boston Charter School (District),04630000,       0,      65,      71,      71,      72,      72,      74,      71,      58,      59,       0,       0,       0,       0,       0,     613
KIPP Academy Lynn Charter (District),04290000,       0,     125,     124,     124,     124,     125,     128,     126,     124,     124,     130,     126,     117,     118,       0,"   1,615"
Lawrence,01490000,     322,     730,     951,"   1,012","   1,016","   1,044","   1,074","   1,071","   1,135","   1,109",     805,     923,     804,     807,      39,"  12,842"
Lawrence Family Development Charter (District),04540000,      63,      81,      81,      84,      84,      83,      81,      77,      75,      77,       0,       0,       0,       0,       0,     786
Learning First Charter Public School (District),04860000,       0,      71,      75,      75,      74,      75,      81,      73,      70,      71,       0,       0,       0,       0,       0,     665
Lee,01500000,      12,      41,      45,      49,      58,      47,      48,      50,      40,      53,      57,      62,      57,      60,       4,     683
Leicester,01510000,      33,      80,      97,      90,     117,      92,      88,      96,     128,     113,     112,      98,     131,      99,       0,"   1,374"
Lenox,01520000,      15,      44,      47,      49,      48,      52,      50,      60,      62,      61,      65,      66,      70,      61,       0,     750
Leominster,01530000,      75,     345,     424,     429,     423,     430,     448,     473,     464,     460,     460,     478,     471,     479,       0,"   5,859"
Leverett,01540000,       0,      15,      14,      14,      18,      17,      15,      23,       0,       0,       0,       0,       0,       0,       0,     116
Lexington,01550000,      57,     309,     408,     480,     507,     532,     554,     567,     601,     625,     550,     599,     582,     530,       0,"   6,901"
Libertas Academy Charter School (District),35140000,       0,       0,       0,       0,       0,       0,       0,      80,      86,      94,       0,       0,       0,       0,       0,     260
Lincoln,01570000,      75,      91,     120,     141,     110,     112,      94,     106,     112,      87,       0,       0,       0,       0,       0,"   1,048"
Lincoln-Sudbury,06950000,       0,       0,       0,       0,       0,       0,       0,       0,       0,       0,     369,     363,     406,     381,       6,"   1,525"
Littleton,01580000,      34,      95,     114,     109,     134,     112,     127,     136,     129,     128,     117,     109,      98,     108,       3,"   1,553"
Longmeadow,01590000,      59,     148,     179,     206,     197,     200,     194,     207,     238,     223,     223,     217,     240,     220,       0,"   2,751"
Lowell,01600000,     453,"   1,019","   1,108","   1,219","   1,116","   1,172","   1,109","   1,225","   1,209","   1,210",     905,     689,     768,     799,      22,"  14,023"
Lowell Community Charter Public (District),04560000,      40,      95,      94,      91,      84,      87,      83,      84,      76,      69,       0,       0,       0,       0,       0,     803
Lowell Middlesex Academy Charter (District),04580000,       0,       0,       0,       0,       0,       0,       0,       0,       0,       0,      23,      20,      20,      25,       0,      88
Ludlow,01610000,      49,     133,     149,     151,     149,     160,     168,     170,     202,     209,     211,     220,     210,     202,       0,"   2,383"
Lunenburg,01620000,      33,     106,     105,     141,     110,     111,     123,     125,     141,     120,     122,     113,     125,     114,       4,"   1,593"
Lynn,01630000,     180,"   1,086","   1,088","   1,189","   1,221","   1,210","   1,184","   1,138","   1,211","   1,208","   1,160","   1,318","   1,286","   1,064",      44,"  15,587"
Lynnfield,01640000,      27,     170,     161,     166,     189,     157,     194,     180,     162,     161,     147,     139,     146,     168,       0,"   2,167"
Ma Academy for Math and Science,04680000,       0,       0,       0,       0,       0,       0,       0,       0,       0,       0,       0,       0,      50,      48,       0,      98
Malden,01650000,     217,     401,     457,     446,     450,     467,     470,     513,     470,     490,     434,     440,     445,     397,      23,"   6,120"
Manchester Essex Regional,06980000,      12,      56,      78,      72,      84,      86,      74,     102,     113,     128,      96,     117,     123,     123,       0,"   1,264"
Mansfield,01670000,      91,     222,     211,     223,     237,     243,     268,     255,     283,     266,     275,     307,     285,     326,      12,"   3,504"
Map Academy Charter School (District),35170000,       0,       0,       0,       0,       0,       0,       0,       0,       0,       0,      39,      51,      73,      43,       0,     206
Marblehead,01680000,      41,     136,     160,     180,     190,     200,     190,     202,     203,     249,     225,     228,     248,     247,       5,"   2,704"
Marblehead Community Charter Public (District),04640000,       0,       0,       0,       0,       0,      50,      49,      52,      32,      25,       0,       0,       0,       0,       0,     208
Marion,01690000,      13,      41,      54,      59,      55,      54,      60,      60,       0,       0,       0,       0,       0,       0,       0,     396
Marlborough,01700000,     157,     384,     421,     402,     370,     387,     416,     375,     368,     396,     207,     277,     248,     262,      12,"   4,682"
Marshfield,01710000,      98,     244,     257,     218,     252,     299,     267,     291,     286,     328,     262,     328,     327,     303,       0,"   3,760"
Martha's Vineyard,07000000,       0,       0,       0,       0,       0,       0,       0,       0,       0,       0,     165,     190,     162,     168,       4,     689
Martha's Vineyard Charter (District),04660000,       0,      12,      13,      16,      17,      11,      20,      18,      14,      20,       9,       5,      16,       5,       0,     176
Martin Luther King Jr. Charter School of Excellence (District),04920000,       0,      66,      60,      61,      59,      60,      59,       0,       0,       0,       0,       0,       0,       0,       0,     365
Masconomet,07050000,       0,       0,       0,       0,       0,       0,       0,       0,     314,     262,     265,     282,     279,     282,       0,"   1,684"
Mashpee,01720000,      54,      93,      92,      91,     105,      97,     119,     119,     115,     141,      95,     122,     106,     119,       0,"   1,468"
MATCH Charter Public School (District),04690000,      53,      90,      95,      99,      95,      96,      95,      92,      96,      88,      85,      83,      73,      73,       0,"   1,213"
Mattapoisett,01730000,      21,      48,      49,      63,      54,      57,      61,      52,       0,       0,       0,       0,       0,       0,       0,     405
Maynard,01740000,      34,      79,     100,      87,     110,      95,      96,      74,      94,      97,      69,      72,      91,      79,       2,"   1,179"
Medfield,01750000,      36,     163,     188,     192,     190,     196,     211,     191,     186,     183,     185,     201,     192,     195,       2,"   2,511"
Medford,01760000,      66,     268,     279,     282,     283,     305,     294,     304,     309,     280,     307,     352,     303,     304,       7,"   3,943"
Medway,01770000,      27,     143,     152,     146,     148,     149,     167,     161,     178,     172,     143,     160,     176,     152,       0,"   2,074"
Melrose,01780000,     118,     300,     296,     304,     312,     320,     298,     274,     278,     272,     221,     222,     245,     235,       6,"   3,701"
Mendon-Upton,07100000,      47,     136,     154,     156,     166,     146,     156,     165,     195,     208,     153,     151,     175,     155,       3,"   2,166"
Methuen,01810000,      82,     365,     475,     481,     501,     492,     502,     513,     548,     585,     432,     510,     492,     472,       0,"   6,450"
Middleborough,01820000,      49,     202,     213,     209,     230,     218,     215,     226,     256,     265,     213,     210,     218,     185,       7,"   2,916"
Middleton,01840000,      60,      98,      87,     101,      80,      83,      81,      88,       0,       0,       0,       0,       0,       0,       0,     678
Milford,01850000,      92,     295,     301,     288,     314,     324,     332,     330,     347,     355,     309,     348,     304,     280,      16,"   4,235"
Millbury,01860000,      55,      91,     121,     118,     124,      96,     117,     132,     120,     151,     119,     130,      93,     119,       1,"   1,587"
Millis,01870000,      42,      82,      83,      78,      99,      82,      82,     105,      77,      94,      96,      72,      72,      92,       0,"   1,156"
Milton,01890000,      94,     311,     370,     367,     384,     394,     351,     344,     307,     306,     293,     272,     277,     276,       9,"   4,355"
Minuteman Regional Vocational Technical,08300000,       0,       0,       0,       0,       0,       0,       0,       0,       0,       0,     179,     180,     134,     142,       0,     635
Mohawk Trail,07170000,      53,      41,      54,      61,      62,      62,      60,      62,      55,      66,      35,      28,      46,      50,       4,     739
Monomoy Regional School District,07120000,      21,     102,     114,     118,     137,     143,     153,     158,     140,     181,     112,     124,     133,     121,       6,"   1,763"
Monson,01910000,      33,      64,      69,      68,      60,      67,      73,      78,      72,      58,      47,      40,      66,      59,       4,     858
Montachusett Regional Vocational Technical,08320000,       0,       0,       0,       0,       0,       0,       0,       0,       0,       0,     355,     354,     363,     345,       0,"   1,417"
Mount Greylock,07150000,      18,      56,      64,      82,      76,      95,      89,      85,      77,      86,     115,      89,      73,      87,       1,"   1,093"
Mystic Valley Regional Charter (District),04700000,       0,     162,     159,     150,     153,     123,     123,     124,     149,     126,     125,      87,      62,      86,       0,"   1,629"
Nahant,01960000,      13,      28,      20,      14,      15,      18,      20,      19,       0,       0,       0,       0,       0,       0,       0,     147
Nantucket,01970000,      49,     114,     119,     114,     114,      88,     117,     144,     151,     129,     133,     141,     139,     109,       5,"   1,666"
Narragansett,07200000,      50,      89,     110,     103,     104,     113,     103,     113,     123,     117,      89,      77,      77,      55,       4,"   1,327"
Nashoba,07250000,      62,     216,     198,     210,     228,     240,     234,     266,     247,     265,     223,     200,     255,     236,       6,"   3,086"
Nashoba Valley Regional Vocational Technical,08520000,       0,       0,       0,       0,       0,       0,       0,       0,       0,       0,     190,     179,     180,     176,       1,     726
Natick,01980000,      76,     332,     393,     417,     405,     414,     422,     430,     411,     401,     379,     380,     383,     408,       0,"   5,251"
Nauset,06600000,       0,       0,       0,       0,       0,       0,       0,     174,     190,     207,     192,     209,     219,     234,       1,"   1,426"
Needham,01990000,      50,     333,     401,     426,     438,     428,     442,     394,     461,     440,     424,     377,     445,     423,       1,"   5,483"
Neighborhood House Charter (District),04440000,      39,      37,      39,      43,      44,      43,      63,      68,      86,      82,      81,      68,      63,      54,       0,     810
New Bedford,02010000,     286,     956,"   1,037","   1,078","   1,057","   1,157","   1,049",     981,"   1,026","   1,066",     788,     805,     719,     560,       0,"  12,565"
New Heights Charter School of Brockton (District),35130000,       0,       0,       0,       0,       0,       0,       0,     117,     122,     123,      98,      93,     101,      88,       0,     742
New Salem-Wendell,07280000,       9,      16,      17,      22,      16,      18,      17,      14,       0,       0,       0,       0,       0,       0,       0,     129
Newburyport,02040000,      42,     107,     132,     137,     122,     141,     147,     161,     165,     171,     202,     211,     178,     207,       3,"   2,126"
Newton,02070000,     125,     674,     819,     854,     870,     928,     909,     998,     956,     949,     928,     978,"   1,017",     990,      29,"  12,024"
Norfolk,02080000,      52,     162,     122,     133,     122,     139,     144,     113,       0,       0,       0,       0,       0,       0,       0,     987
Norfolk County Agricultural,09150000,       0,       0,       0,       0,       0,       0,       0,       0,       0,       0,     158,     149,     152,     129,       0,     588
North Adams,02090000,      77,      75,      93,      94,      94,      99,      92,      79,      91,     125,      88,      77,      64,      72,       3,"   1,223"
North Andover,02110000,      60,     283,     326,     344,     334,     337,     345,     371,     372,     361,     335,     311,     357,     374,       0,"   4,510"
North Attleborough,02120000,     141,     258,     264,     276,     274,     311,     330,     283,     325,     385,     286,     261,     267,     275,       0,"   3,936"
North Brookfield,02150000,      23,      39,      39,      30,      39,      44,      33,      40,      43,      40,      49,      23,      33,      28,       0,     503
North Middlesex,07350000,      36,     225,     206,     212,     216,     216,     228,     225,     252,     284,     187,     178,     210,     211,       7,"   2,893"
North Reading,02170000,      40,     175,     200,     146,     173,     173,     191,     174,     190,     185,     130,     181,     164,     186,       1,"   2,309"
Northampton,02100000,      46,     143,     174,     190,     187,     197,     158,     204,     206,     213,     191,     236,     210,     223,       1,"   2,579"
Northampton-Smith Vocational Agricultural,04060000,       0,       0,       0,       0,       0,       0,       0,       0,       0,       0,     140,     148,     117,     123,       0,     528
Northboro-Southboro,07300000,       0,       0,       0,       0,       0,       0,       0,       0,       0,       0,     314,     321,     320,     390,      10,"   1,355"
Northborough,02130000,       0,     146,     168,     158,     166,     180,     192,     174,     160,     183,       0,       0,       0,       0,       0,"   1,527"
Northbridge,02140000,      57,     145,     151,     114,     127,     148,     150,     172,     191,     144,     134,     132,     145,     114,       0,"   1,924"
Northeast Metropolitan Regional Vocational Technical,08530000,       0,       0,       0,       0,       0,       0,       0,       0,       0,       0,     332,     322,     326,     301,       0,"   1,281"
Northern Berkshire Regional Vocational Technical,08510000,       0,       0,       0,       0,       0,       0,       0,       0,       0,       0,     128,     142,     122,     114,       0,     506
Norton,02180000,      69,     175,     160,     149,     178,     174,     172,     189,     206,     202,     163,     180,     162,     175,       4,"   2,358"
Norwell,02190000,      33,     156,     180,     155,     170,     163,     175,     164,     162,     180,     156,     155,     166,     166,       1,"   2,182"
Norwood,02200000,      83,     267,     270,     269,     267,     277,     263,     258,     215,     245,     224,     261,     252,     231,       5,"   3,387"
Oak Bluffs,02210000,       7,      46,      36,      44,      27,      50,      52,      50,      50,      52,       0,       0,       0,       0,       0,     414
Old Colony Regional Vocational Technical,08550000,       0,       0,       0,       0,       0,       0,       0,       0,       0,       0,     150,     151,     132,     130,       0,     563
Old Rochester,07400000,       0,       0,       0,       0,       0,       0,       0,       0,     203,     211,     152,     168,     200,     190,       6,"   1,130"
Old Sturbridge Academy Charter Public School (District),35150000,       0,      40,      40,      40,      40,      40,      40,      40,       0,       0,       0,       0,       0,       0,       0,     280
Orange,02230000,      11,      54,      65,      71,      62,      71,      70,      61,       0,       0,       0,       0,       0,       0,       0,     465
Orleans,02240000,       0,      17,      24,      29,      32,      36,      37,       0,       0,       0,       0,       0,       0,       0,       0,     175
Oxford,02260000,      38,      64,     100,     116,      99,     141,     126,     117,     115,     140,     110,      94,      91,      96,      11,"   1,458"
Palmer,02270000,      20,      88,      83,      97,     106,     111,      83,      88,     110,     121,      62,      73,      60,      81,       5,"   1,188"
Pathfinder Regional Vocational Technical,08600000,       0,       0,       0,       0,       0,       0,       0,       0,       0,       0,     156,     161,     150,     143,       0,     610
Paulo Freire Social Justice Charter School (District),35010000,       0,       0,       0,       0,       0,       0,       0,       0,       0,       0,      69,      67,      63,      64,       0,     263
Peabody,02290000,     153,     409,     469,     470,     428,     459,     445,     476,     500,     467,     386,     381,     359,     372,       2,"   5,776"
Pelham,02300000,       0,      16,      10,      17,      14,      20,      16,      14,       0,       0,       0,       0,       0,       0,       0,     107
Pembroke,02310000,      49,     166,     161,     188,     190,     179,     209,     218,     201,     230,     194,     204,     199,     208,       3,"   2,599"
Pentucket,07450000,      81,     134,     161,     161,     163,     156,     168,     179,     145,     203,     143,     161,     178,     191,       0,"   2,224"
Petersham,02340000,       0,      15,      19,      24,      10,      19,      16,      20,       0,       0,       0,       0,       0,       0,       0,     123
Phoenix Academy Public Charter High School Lawrence (District),35180000,       0,       0,       0,       0,       0,       0,       0,       0,       0,       0,     120,       4,      35,       0,       0,     159
Phoenix Academy Public Charter High School Springfield (District),35080000,       0,       0,       0,       0,       0,       0,       0,       0,       0,       0,     149,       1,      49,       9,       0,     208
Phoenix Charter Academy (District),04930000,       0,       0,       0,       0,       0,       0,       0,       0,       0,       0,     162,       2,      43,      14,       0,     221
Pioneer Charter School of Science (District),04940000,       0,      63,      59,      63,      63,      66,      65,      67,      64,      59,      60,      57,      55,      53,       0,     794
Pioneer Charter School of Science II (PCSS-II) (District),35060000,       0,       0,       0,       0,       0,       0,       0,       0,      64,      67,      62,      61,      63,      53,       0,     370
Pioneer Valley,07500000,      23,      43,      34,      42,      49,      53,      52,      55,      57,      63,      40,      47,      23,      50,       0,     631
Pioneer Valley Chinese Immersion Charter (District),04970000,       0,      44,      44,      45,      44,      44,      44,      62,      55,      56,      31,      23,      40,      28,       0,     560
Pioneer Valley Performing Arts Charter Public (District),04790000,       0,       0,       0,       0,       0,       0,       0,       0,      72,      72,      68,      62,      58,      59,       0,     391
Pittsfield,02360000,      62,     343,     353,     379,     436,     374,     355,     363,     343,     382,     417,     394,     396,     401,      14,"   5,012"
Plainville,02380000,      42,      64,      85,      82,      89,      88,      88,      85,       0,       0,       0,       0,       0,       0,       0,     623
Plymouth,02390000,     142,     458,     482,     508,     513,     512,     461,     535,     532,     608,     616,     580,     578,     559,       1,"   7,085"
Plympton,02400000,       0,      30,      39,      28,      28,      27,      38,      19,       0,       0,       0,       0,       0,       0,       0,     209
Prospect Hill Academy Charter (District),04870000,       0,      60,      86,      87,      91,      94,      87,      86,     100,      94,      96,      89,      65,      72,       0,"   1,107"
Provincetown,02420000,      24,      11,       8,      10,      10,      11,      15,      16,      18,      10,       0,       0,       0,       0,       0,     133
Quabbin,07530000,      69,     135,     168,     136,     167,     134,     139,     166,     181,     168,     176,     135,     160,     155,       6,"   2,095"
Quaboag Regional,07780000,      37,      64,      75,      74,      91,      78,      93,     115,      88,      85,      89,      98,      80,      94,       0,"   1,161"
Quincy,02430000,     299,     677,     743,     747,     718,     689,     676,     688,     708,     680,     688,     703,     737,     714,      13,"   9,480"
Ralph C Mahar,07550000,       0,       0,       0,       0,       0,       0,       0,       0,     127,     127,      81,     103,      92,      89,       0,     619
Randolph,02440000,      66,     149,     235,     221,     256,     213,     204,     222,     241,     211,     133,     165,     166,     168,      10,"   2,660"
Reading,02460000,      97,     238,     312,     316,     290,     270,     312,     319,     288,     287,     299,     301,     292,     330,       0,"   3,951"
Revere,02480000,      95,     471,     561,     557,     555,     565,     560,     516,     608,     619,     563,     540,     463,     484,       9,"   7,166"
Richmond,02490000,      12,      16,      14,      12,      18,      14,      17,      14,      17,      18,       0,       0,       0,       0,       0,     152
Rising Tide Charter Public (District),04830000,       0,       0,       0,       0,       0,       0,      91,      91,      90,      87,      85,      75,      80,      67,       0,     666
River Valley Charter (District),04820000,       0,      30,      34,      32,      33,      32,      32,      32,      32,      31,       0,       0,       0,       0,       0,     288
Rochester,02500000,      20,      51,      56,      64,      74,      63,      82,      66,       0,       0,       0,       0,       0,       0,       0,     476
Rockland,02510000,      38,     132,     164,     172,     156,     182,     184,     195,     193,     193,     144,     145,     140,     136,       5,"   2,179"
Rockport,02520000,       8,      41,      38,      49,      53,      52,      64,      67,      68,      67,      72,      60,      57,      66,       0,     762
Rowe,02530000,       0,       5,      12,       6,      11,      14,       5,      10,       0,       0,       0,       0,       0,       0,       0,      63
Roxbury Preparatory Charter (District),04840000,       0,       0,       0,       0,       0,       0,     148,     282,     264,     254,     238,     171,     139,     100,       0,"   1,596"
Sabis International Charter (District),04410000,       0,     105,     111,     120,     156,     128,     129,     157,     129,     123,     108,      91,      99,     101,       0,"   1,557"
Salem,02580000,      48,     294,     321,     328,     339,     350,     333,     275,     265,     251,     251,     223,     203,     246,       7,"   3,734"
Salem Academy Charter (District),04850000,       0,       0,       0,       0,       0,       0,       0,      72,      73,      72,      74,      75,      70,      59,       0,     495
Sandwich,02610000,      63,     140,     151,     185,     174,     167,     192,     179,     212,     222,     150,     166,     165,     156,       4,"   2,326"
Saugus,02620000,      28,      65,     161,     172,     195,     178,     195,     200,     217,     206,     172,     160,     176,     167,       5,"   2,297"
Savoy,02630000,       4,       4,       3,       4,       9,       6,       5,       9,       0,       0,       0,       0,       0,       0,       0,      44
Scituate,02640000,      51,     182,     211,     226,     217,     200,     206,     213,     203,     221,     211,     196,     260,     252,       2,"   2,851"
Seekonk,02650000,      48,     148,     153,     156,     159,     168,     149,     146,     149,     183,     130,     144,     164,     150,       0,"   2,047"
Sharon,02660000,      31,     192,     239,     258,     245,     254,     272,     292,     291,     288,     277,     281,     301,     272,       0,"   3,493"
Shawsheen Valley Regional Vocational Technical,08710000,       0,       0,       0,       0,       0,       0,       0,       0,       0,       0,     357,     307,     329,     315,       0,"   1,308"
Sherborn,02690000,      13,      55,      68,      64,      50,      77,      64,       0,       0,       0,       0,       0,       0,       0,       0,     391
Shrewsbury,02710000,     110,     287,     407,     434,     430,     484,     473,     491,     502,     483,     459,     480,     470,     464,       0,"   5,974"
Shutesbury,02720000,      10,      11,      19,      12,       9,      16,      12,      23,       0,       0,       0,       0,       0,       0,       0,     112
Silver Lake,07600000,      99,       0,       0,       0,       0,       0,       0,       0,     264,     259,     257,     279,     267,     266,       7,"   1,698"
Sizer School: A North Central Charter Essential (District),04740000,       0,       0,       0,       0,       0,       0,       0,       0,      68,      71,      69,      59,      47,      52,       0,     366
Somerset,02730000,      35,     131,     143,     158,     172,     193,     160,     179,     223,     212,       0,       0,       0,       0,       0,"   1,606"
Somerset Berkley Regional School District,07630000,       0,       0,       0,       0,       0,       0,       0,       0,       0,       0,     257,     247,     249,     247,       7,"   1,007"
Somerville,02740000,     228,     393,     396,     379,     340,     330,     362,     344,     316,     332,     343,     303,     336,     278,      11,"   4,691"
South Hadley,02780000,      63,      81,     111,     148,     127,     143,     124,     125,     123,     147,     140,     141,     135,     146,       9,"   1,763"
South Middlesex Regional Vocational Technical,08290000,       0,       0,       0,       0,       0,       0,       0,       0,       0,       0,     226,     204,     212,     175,       0,     817
South Shore Charter Public (District),04880000,       0,      44,      76,      79,      80,      79,      79,      82,      84,      82,      86,      91,      71,      76,       0,"   1,009"
South Shore Regional Vocational Technical,08730000,       0,       0,       0,       0,       0,       0,       0,       0,       0,       0,     168,     162,     161,     155,       0,     646
Southampton,02750000,      26,      62,      59,      61,      55,      76,      56,      53,       0,       0,       0,       0,       0,       0,       0,     448
Southborough,02760000,      84,     104,     142,     120,     133,     123,     129,     127,     124,     130,       0,       0,       0,       0,       0,"   1,216"
Southbridge,02770000,      53,     142,     158,     136,     161,     153,     131,     139,     155,     142,     182,     117,     111,      86,       0,"   1,866"
Southeastern Regional Vocational Technical,08720000,       0,       0,       0,       0,       0,       0,       0,       0,       0,       0,     410,     399,     357,     361,       0,"   1,527"
Southern Berkshire,07650000,      38,      63,      47,      44,      34,      50,      44,      43,      35,      57,      35,      54,      50,      51,       0,     645
Southern Worcester County Regional Vocational Technical,08760000,       0,       0,       0,       0,       0,       0,       0,       0,       0,       0,     314,     293,     291,     273,       0,"   1,171"
Southwick-Tolland-Granville Regional School District,07660000,      28,      80,      85,     102,      88,     100,     112,     125,     122,     124,     104,     101,     121,     101,       0,"   1,393"
Spencer-E Brookfield,07670000,      47,      85,     118,      95,     117,     128,      88,     107,     128,     120,      92,      79,      64,      60,       3,"   1,331"
Springfield,02810000,"   1,219","   1,589","   1,895","   1,877","   1,805","   1,847","   1,721","   1,630","   1,742","   1,708","   2,049","   1,848","   1,608","   1,559",     142,"  24,239"
Springfield Preparatory Charter School (District),35100000,       0,      54,      54,      54,      56,      54,      53,      53,       0,       0,       0,       0,       0,       0,       0,     378
Stoneham,02840000,      60,     172,     173,     174,     176,     181,     176,     163,     197,     172,     148,     145,     139,     178,       0,"   2,254"
Stoughton,02850000,      80,     227,     251,     233,     243,     242,     267,     250,     268,     290,     290,     242,     232,     264,       7,"   3,386"
Sturbridge,02870000,      40,      91,     106,      97,     110,     123,     115,     110,       0,       0,       0,       0,       0,       0,       0,     792
Sturgis Charter Public (District),04890000,       0,       0,       0,       0,       0,       0,       0,       0,       0,       0,     211,     231,     216,     195,       0,     853
Sudbury,02880000,      39,     199,     284,     258,     263,     277,     291,     278,     293,     339,       0,       0,       0,       0,       0,"   2,521"
Sunderland,02890000,      12,      17,      24,      26,      28,      29,      35,      13,       0,       0,       0,       0,       0,       0,       0,     184
Sutton,02900000,      36,      82,      82,     105,      97,      78,     109,     103,     102,     118,      90,      91,      98,      88,       0,"   1,279"
Swampscott,02910000,      40,     131,     157,     147,     150,     146,     152,     153,     172,     184,     161,     156,     191,     191,       1,"   2,132"
Swansea,02920000,      38,     132,     148,     142,     161,     161,     144,     176,     175,     189,     167,     118,     126,     135,       4,"   2,016"
Tantasqua,07700000,       0,       0,       0,       0,       0,       0,       0,       0,     299,     286,     310,     304,     285,     286,       1,"   1,771"
Taunton,02930000,     170,     518,     569,     570,     596,     597,     612,     644,     659,     675,     565,     509,     515,     529,       7,"   7,735"
TEC Connections Academy Commonwealth Virtual School District,39020000,       0,      51,      58,      80,      82,      96,     120,     187,     241,     271,     361,     357,     311,     299,       0,"   2,514"
Tewksbury,02950000,     111,     260,     243,     246,     235,     275,     229,     246,     261,     250,     191,     191,     228,     209,       7,"   3,182"
Tisbury,02960000,      15,      35,      31,      22,      35,      28,      30,      24,      38,      31,       0,       0,       0,       0,       0,     289
Topsfield,02980000,      36,      67,      75,      72,      84,      86,      79,      87,       0,       0,       0,       0,       0,       0,       0,     586
Tri-County Regional Vocational Technical,08780000,       0,       0,       0,       0,       0,       0,       0,       0,       0,       0,     260,     231,     239,     223,       0,     953
Triton,07730000,      86,     125,     155,     153,     158,     162,     166,     166,     170,     189,     154,     190,     153,     149,       0,"   2,176"
Truro,03000000,      21,      14,      13,      16,      16,      15,      18,       0,       0,       0,       0,       0,       0,       0,       0,     113
Tyngsborough,03010000,      22,      98,     110,     124,     113,     146,     110,     119,     149,     125,      96,     108,     126,     115,       0,"   1,561"
UP Academy Charter School of Boston (District),04800000,       0,       0,       0,       0,       0,       0,       0,     104,     118,     127,       0,       0,       0,       0,       0,     349
UP Academy Charter School of Dorchester (District),35050000,      54,      65,      70,      67,      75,      75,      77,      69,      68,      65,       0,       0,       0,       0,       0,     685
Up-Island Regional,07740000,       8,      43,      38,      50,      41,      40,      44,      46,      51,      37,       0,       0,       0,       0,       0,     398
Upper Cape Cod Regional Vocational Technical,08790000,       0,       0,       0,       0,       0,       0,       0,       0,       0,       0,     204,     163,     181,     174,       0,     722
Uxbridge,03040000,      46,     107,     117,     108,     128,     110,     124,     140,     118,     143,     132,     125,     106,     128,       7,"   1,639"
Veritas Preparatory Charter School (District),04980000,       0,       0,       0,       0,       0,       0,     111,     111,     121,      76,       0,       0,       0,       0,       0,     419
Wachusett,07750000,      93,     426,     426,     473,     433,     517,     537,     538,     551,     587,     494,     504,     488,     501,      16,"   6,584"
Wakefield,03050000,      68,     269,     247,     245,     263,     266,     259,     268,     264,     267,     190,     212,     244,     247,       0,"   3,309"
Wales,03060000,      12,      16,      18,      12,      12,      14,      24,      16,       0,       0,       0,       0,       0,       0,       0,     124
Walpole,03070000,      62,     309,     279,     283,     281,     273,     270,     272,     279,     269,     255,     259,     290,     270,       4,"   3,655"
Waltham,03080000,     109,     410,     423,     438,     436,     441,     426,     393,     407,     404,     415,     428,     389,     387,       1,"   5,507"
Ware,03090000,      37,      68,      82,      85,      71,      76,      97,     101,     102,     114,     105,      69,      66,      64,       3,"   1,140"
Wareham,03100000,      48,     163,     184,     141,     167,     134,     166,     180,     187,     164,     138,     111,     110,      89,       6,"   1,988"
Watertown,03140000,      77,     189,     201,     211,     213,     194,     174,     178,     184,     210,     177,     164,     159,     189,       6,"   2,526"
Wayland,03150000,       0,     202,     201,     183,     233,     212,     191,     199,     203,     240,     213,     196,     196,     231,       0,"   2,700"
Webster,03160000,      43,      91,     147,     144,     140,     156,     148,     149,     129,     145,      87,      98,     111,      89,       5,"   1,682"
Wellesley,03170000,      64,     220,     280,     316,     338,     332,     322,     337,     382,     372,     364,     367,     340,     392,       6,"   4,432"
Wellfleet,03180000,       0,      14,      16,      23,      15,      20,      15,       0,       0,       0,       0,       0,       0,       0,       0,     103
West Boylston,03220000,      26,      40,      68,      60,      66,      64,      62,      66,      77,      72,      62,      68,      87,      70,       0,     888
West Bridgewater,03230000,      44,     113,      91,     112,      85,     104,      99,      90,     115,     112,      98,     103,     105,     103,       0,"   1,374"
West Springfield,03320000,      82,     260,     278,     296,     274,     307,     299,     298,     312,     302,     315,     291,     294,     288,      17,"   3,913"
Westborough,03210000,      83,     239,     264,     274,     284,     297,     287,     295,     289,     331,     298,     268,     290,     318,       8,"   3,825"
Westfield,03250000,     118,     291,     335,     364,     318,     359,     364,     329,     384,     387,     409,     409,     428,     419,      17,"   4,931"
Westford,03260000,      45,     271,     277,     307,     345,     307,     383,     387,     367,     380,     384,     424,     390,     444,       3,"   4,714"
Westhampton,03270000,       7,       8,      12,      11,       9,      19,      17,      21,       0,       0,       0,       0,       0,       0,       0,     104
Weston,03300000,      27,     116,     128,     137,     118,     137,     149,     142,     147,     175,     157,     148,     161,     164,       0,"   1,906"
Westport,03310000,      39,      99,     100,     107,      97,     108,     123,     132,     106,     124,      92,      71,      73,      82,       2,"   1,355"
Westwood,03350000,      41,     203,     167,     219,     219,     204,     223,     249,     211,     223,     243,     248,     253,     246,       3,"   2,952"
Weymouth,03360000,     120,     374,     382,     377,     396,     401,     408,     424,     456,     434,     494,     428,     437,     437,      17,"   5,585"
Whately,03370000,      11,      17,      18,      16,      13,      15,      11,      15,       0,       0,       0,       0,       0,       0,       0,     116
Whitman-Hanson,07800000,      80,     204,     248,     238,     262,     265,     270,     268,     309,     322,     240,     285,     283,     302,       7,"   3,583"
Whittier Regional Vocational Technical,08850000,       0,       0,       0,       0,       0,       0,       0,       0,       0,       0,     335,     341,     305,     268,       0,"   1,249"
Williamsburg,03400000,       4,       6,      12,      23,      12,      17,      24,      21,       0,       0,       0,       0,       0,       0,       0,     119
Wilmington,03420000,      16,     196,     221,     212,     249,     216,     250,     198,     268,     249,     168,     192,     201,     194,       0,"   2,830"
Winchendon,03430000,      56,      91,      77,      90,      97,     109,      87,      87,      86,     101,      73,      66,      75,      83,       0,"   1,178"
Winchester,03440000,      50,     236,     346,     335,     325,     355,     362,     348,     388,     348,     344,     348,     337,     374,       0,"   4,496"
Winthrop,03460000,      15,     124,     161,     149,     124,     149,     130,     137,     162,     157,     139,     132,     135,     146,       5,"   1,865"
Woburn,03470000,     104,     285,     335,     336,     313,     321,     315,     337,     327,     370,     280,     288,     343,     313,      12,"   4,279"
Worcester,03480000,     794,"   1,529","   1,876","   1,851","   1,800","   1,765","   1,751","   1,834","   1,761","   1,733","   1,935","   1,849","   1,766","   1,683",      59,"  23,986"
Worthington,03490000,       2,      10,       7,       7,      14,       9,       9,       5,       0,       0,       0,       0,       0,       0,       0,      63
Wrentham,03500000,      48,     102,     103,     103,     133,     122,     118,     133,       0,       0,       0,       0,       0,       0,       0,     862
State Totals,00000000,"  21,176","  57,531","  63,797","  65,329","  65,809","  67,009","  67,520","  69,383","  71,643","  72,334","  73,353","  72,925","  71,581","  70,499","   1,576"," 911,465"