District Name,District Code,Total # of Teachers (FTE),% of Teachers Licensed,Student / Teacher Ratio,Percent of Experienced Teachers,Percent of Teachers without Waiver or Provisional License,Percent Teaching In-Field
Abby Kelley Foster Charter Public (District),4450000,119.6,98.3,  11.9 to 1,74.1,86.6,
Abington,10000,146.7,99,  14.7 to 1,80.5,95.9,
Academy Of the Pacific Rim Charter Public (District),4120000,60.5,73.6,   8.4 to 1,33.9,85.1,
Acton-Boxborough,6000000,401.2,100,  12.9 to 1,87.1,96.8,
Acushnet,30000,68,100,  13.8 to 1,80.9,97.1,
Advanced Math and Science Academy Charter (District),4300000,80.3,92.5,  12.0 to 1,82.4,78.1,
Agawam,50000,289.4,100,  12.0 to 1,90,96.9,
Alma del Mar Charter School (District),4090000,73,71.2,  12.9 to 1,34.2,87.7,
Amesbury,70000,162.8,100,  11.0 to 1,89.9,95,
Amherst,80000,112.9,95.6,   9.3 to 1,87.8,95.7,
Amherst-Pelham,6050000,111.9,92.7,  11.4 to 1,81.1,97.3,
Andover,90000,484.2,99.6,  11.3 to 1,89.4,98.2,
Argosy Collegiate Charter School (District),35090000,44.2,67,  12.8 to 1,35.7,81.3,
Arlington,100000,469.7,99.3,  12.5 to 1,79.5,93.5,
Ashburnham-Westminster,6100000,162.5,99.4,  14.0 to 1,89.1,94.7,
Ashland,140000,208.5,99.5,  13.8 to 1,84.6,98.8,
Assabet Valley Regional Vocational Technical,8010000,113,95.6,  10.1 to 1,87.6,95.6,
Athol-Royalston,6150000,116.5,99.9,  13.2 to 1,70.6,88.8,
Atlantis Charter (District),4910000,99.5,83.7,  12.8 to 1,63.5,83.9,
Attleboro,160000,384.5,99.7,  15.3 to 1,84,94.5,
Auburn,170000,188.1,99.5,  13.7 to 1,88.3,94.7,
Avon,180000,70,98.6,  10.2 to 1,88.6,95.7,
Ayer Shirley School District,6160000,143.8,99.9,  11.3 to 1,84.2,94.8,
Barnstable,200000,409.2,99.3,  11.6 to 1,85.4,93.5,
Baystate Academy Charter Public School (District),35020000,53,67.9,   8.6 to 1,43.4,81.1,
Bedford,230000,242.4,100,  10.7 to 1,85,95.4,
Belchertown,240000,172.6,100,  12.3 to 1,95.9,100,
Bellingham,250000,154.1,100,  12.9 to 1,86.8,96.1,
Belmont,260000,282.5,99.6,  15.4 to 1,90.8,98.1,
Benjamin Banneker Charter Public (District),4200000,21,85.7,  15.7 to 1,76.2,90.5,
Benjamin Franklin Classical Charter Public (District),4470000,57.5,87.8,  14.2 to 1,63.5,91.3,
Berkley,270000,70.4,100,  12.4 to 1,81.5,91.5,
Berkshire Arts and Technology Charter Public (District),4140000,38.6,58.3,   9.5 to 1,76,89,
Berkshire Hills,6180000,112.9,100,  10.5 to 1,83.7,91.2,
Berlin-Boylston,6200000,91,100,  11.6 to 1,87.4,94,
Beverly,300000,361.7,99.4,  12.8 to 1,81.6,95.7,
Billerica,310000,353.7,100,  13.4 to 1,89,94.3,
Blackstone Valley Regional Vocational Technical,8050000,105,99,  11.8 to 1,88.6,83.8,
Blackstone-Millville,6220000,114.9,99.1,  13.4 to 1,70.5,90.3,
Blue Hills Regional Vocational Technical,8060000,80,100,  11.5 to 1,95,88.7,
Boston,350000,"4,256.00",97.9,  10.8 to 1,84.4,93.7,
Boston Collegiate Charter (District),4490000,75.2,78.1,   9.3 to 1,52.3,84.5,
Boston Day and Evening Academy Charter (District),4240000,29.3,85.3,  11.9 to 1,88,100,
Boston Green Academy Horace Mann Charter School (District),4110000,44.6,93.8,  10.9 to 1,70.6,93.7,
Boston Preparatory Charter Public (District),4160000,68.8,81.1,  10.1 to 1,36,81.1,
Boston Renaissance Charter Public (District),4810000,80.8,96.2,  11.6 to 1,69.5,86.4,
Bourne,360000,150,99.3,  10.4 to 1,86,94.7,
Boxford,380000,69.3,100,  10.7 to 1,75.3,97.7,
Braintree,400000,412.2,99.8,  13.0 to 1,92,96.6,
Brewster,410000,44.8,100,   9.8 to 1,83.3,92.2,
Bridge Boston Charter School (District),4170000,38.5,74,   8.7 to 1,42.9,92.2,
Bridgewater-Raynham,6250000,336.5,100,  16.0 to 1,88.7,97.6,
Brimfield,430000,26.3,100,  10.2 to 1,88.6,96.2,
Bristol County Agricultural,9100000,36.8,100,  13.6 to 1,84.6,89.1,
Bristol-Plymouth Regional Vocational Technical,8100000,105.3,96.2,  12.7 to 1,87.2,90,
Brockton,440000,"1,112.50",98.8,  13.7 to 1,81.2,93.4,
Brooke Charter School (District),4280000,180.4,64,  11.9 to 1,52.9,88.2,
Brookfield,450000,22.9,100,  12.2 to 1,78.2,95.6,
Brookline,460000,627.4,99.5,  11.0 to 1,86.5,95.1,
Burlington,480000,310.9,99.9,  11.1 to 1,91.8,97.2,
Cambridge,490000,755.9,98.6,   8.7 to 1,83.1,91.7,
Canton,500000,238.9,100,  13.5 to 1,89.4,95,
Cape Cod Lighthouse Charter (District),4320000,18.2,91.5,  13.7 to 1,100,72.7,
Cape Cod Regional Vocational Technical,8150000,67.6,86.7,   9.7 to 1,76.2,78.5,
Carlisle,510000,59.2,100,  10.4 to 1,91.9,97,
Carver,520000,124,100,  12.2 to 1,89.7,96.9,
Central Berkshire,6350000,118,99.2,  12.8 to 1,94.8,96.6,
Chelmsford,560000,380.9,99.1,  13.0 to 1,87.1,97.3,
Chelsea,570000,477,98.7,  12.7 to 1,65.9,89.7,
Chesterfield-Goshen,6320000,16.8,94,   8.8 to 1,73.8,85.7,
Chicopee,610000,580.8,99.3,  11.7 to 1,88.1,94.3,
Christa McAuliffe Charter Public (District),4180000,36.8,89.1,  10.6 to 1,68.7,90.5,
City on a Hill Charter Public School (District),4370000,20.3,74.7,  11.3 to 1,35,83.2,
Clarksburg,630000,15.2,94.7,  13.9 to 1,84.2,100,
Clinton,640000,154.4,100,  12.3 to 1,83.8,92.9,
Codman Academy Charter Public (District),4380000,44.6,68.4,   7.7 to 1,57.5,88.8,
Cohasset,650000,120.1,99.2,  11.8 to 1,82.9,94.6,
Collegiate Charter School of Lowell (District),35030000,57.9,73.9,  19.3 to 1,24.2,77.6,
Community Charter School of Cambridge (District),4360000,31.9,78.5,   9.0 to 1,40.9,89.7,
Community Day Charter Public School - Gateway (District),4260000,43.2,74.5,   9.3 to 1,41.7,81.5,
Community Day Charter Public School - Prospect (District),4400000,39.4,82.2,  10.2 to 1,64.5,79.7,
Community Day Charter Public School - R. Kingman Webster (District),4310000,44.5,75.3,   8.9 to 1,40.4,91,
Concord,670000,176.4,100,  11.3 to 1,89.6,97.1,
Concord-Carlisle,6400000,107.4,100,  12.3 to 1,90.1,98.1,
Conservatory Lab Charter (District),4390000,29.5,81.4,  15.2 to 1,56.8,94.1,
Conway,680000,13.9,100,  10.5 to 1,85.6,100,
Danvers,710000,275.3,100,  11.7 to 1,85.8,95.8,
Dartmouth,720000,272.3,99.6,  12.5 to 1,90.4,95.5,
Dedham,730000,228.6,100,  11.2 to 1,91.8,96.1,
Deerfield,740000,33.9,97.1,   9.6 to 1,88.2,94.1,
Dennis-Yarmouth,6450000,278.3,99.3,  10.0 to 1,88,95,
Dighton-Rehoboth,6500000,217,99.5,  11.8 to 1,87.8,96.6,
Douglas,770000,98.5,98.5,  12.0 to 1,85,89.7,
Dover,780000,41,100,  11.9 to 1,90.2,90.7,
Dover-Sherborn,6550000,100.2,99,  11.6 to 1,93.6,96,
Dracut,790000,228.2,100,  15.9 to 1,81.3,93.5,
Dudley Street Neighborhood Charter School (District),4070000,19.5,89.7,  14.7 to 1,69.2,100,
Dudley-Charlton Reg,6580000,273.1,100,  12.6 to 1,91,96.1,
Duxbury,820000,217.7,100,  12.9 to 1,87.6,98.3,
East Bridgewater,830000,164.9,98.8,  12.8 to 1,78.3,95.8,
East Longmeadow,870000,203.4,100,  12.3 to 1,92.6,99.5,
Eastham,850000,18.3,100,  10.5 to 1,86.3,100,
Easthampton,860000,122.2,99.7,  11.6 to 1,89.9,95.1,
Easton,880000,258.2,100,  13.2 to 1,91.5,98.3,
Edgartown,890000,44.6,95.4,   8.9 to 1,76.9,95.5,
Edward M. Kennedy Academy for Health Careers (Horace Mann Charter) (District),4520000,34.2,100,  11.6 to 1,82.5,88.9,
Erving,910000,18.7,100,   7.1 to 1,84,94.7,
Essex North Shore Agricultural and Technical School District,8170000,142.7,94.4,  11.6 to 1,79.1,77.4,
Everett,930000,550.1,99.8,  12.4 to 1,79.5,92.1,
Excel Academy Charter (District),4100000,127.2,72,  10.7 to 1,45.8,89,
Fairhaven,940000,147,99.8,  12.6 to 1,87,96.3,
Fall River,950000,764.3,98.1,  13.4 to 1,73.3,88.1,
Falmouth,960000,288.7,99.6,  10.5 to 1,85.7,94.2,
Farmington River Reg,6620000,13.8,100,   8.4 to 1,88.4,100,
Fitchburg,970000,385.5,99.5,  13.5 to 1,81.6,91.4,
Florida,980000,9.7,89.6,  10.8 to 1,89.6,87,
Four Rivers Charter Public (District),4130000,20.9,76.4,  10.4 to 1,85.9,95.2,
Foxborough,990000,199.2,99,  12.3 to 1,92.4,99,
Foxborough Regional Charter (District),4460000,136.1,92.5,  12.4 to 1,60.1,81.1,
Framingham,1000000,734,95.8,  12.0 to 1,76.9,93.8,
Francis W. Parker Charter Essential (District),4780000,45.5,59.4,   8.5 to 1,58.3,97.8,
Franklin,1010000,398.6,98.6,  12.0 to 1,84.4,96,
Franklin County Regional Vocational Technical,8180000,59.4,88.6,   9.8 to 1,80,85.5,
Freetown-Lakeville,6650000,203.9,100,  13.5 to 1,87.3,95.1,
Frontier,6700000,52.3,98.1,  11.7 to 1,84.6,92.4,
Gardner,1030000,183.4,99.7,  12.3 to 1,82.3,90.8,
Gateway,6720000,81.5,98.8,   9.0 to 1,88.7,95.1,
Georgetown,1050000,101,100,  12.6 to 1,92.1,95,
Gill-Montague,6740000,85.5,99.9,   9.9 to 1,88.7,90.6,
Global Learning Charter Public (District),4960000,44.6,100,  11.3 to 1,79.8,84.3,
Gloucester,1070000,261.5,99.6,  10.8 to 1,80.4,91.3,
Gosnold,1090000,0,0,N/A,,,
Grafton,1100000,246.3,99.6,  12.7 to 1,88.6,96.8,
Granby,1110000,60,100,  11.6 to 1,84.6,91.3,
Greater Commonwealth Virtual District,39010000,66.6,98.5,  15.5 to 1,80.3,91.4,
Greater Fall River Regional Vocational Technical,8210000,128.8,97.3,  11.0 to 1,90.7,84.5,
Greater Lawrence Regional Vocational Technical,8230000,147.4,96.1,  11.2 to 1,83.3,78.6,
Greater Lowell Regional Vocational Technical,8280000,200.4,99,  11.5 to 1,84.1,84.1,
Greater New Bedford Regional Vocational Technical,8250000,195.1,97.9,  10.8 to 1,93.3,91.3,
Greenfield,1140000,141,99.3,  11.4 to 1,73.8,93.6,
Groton-Dunstable,6730000,190.1,100,  12.2 to 1,87.1,96.3,
Hadley,1170000,49.2,100,  10.3 to 1,85.7,87.8,
Halifax,1180000,38,100,  14.8 to 1,92.1,100,
Hamilton-Wenham,6750000,149.9,100,  11.2 to 1,85,97.6,
Hampden Charter School of Science East (District),4990000,42.8,77.4,  12.9 to 1,74,72,
Hampden Charter School of Science West (District),35160000,31.5,75.2,  11.7 to 1,54.6,64.4,
Hampden-Wilbraham,6800000,213.8,100,  13.5 to 1,90,98.6,
Hampshire,6830000,75.2,100,   9.1 to 1,91.4,96.9,
Hancock,1210000,7.4,94.6,   7.7 to 1,83.8,86.5,
Hanover,1220000,195.3,99.2,  13.3 to 1,90.6,96.7,
Harvard,1250000,88.5,98.9,  11.6 to 1,87.6,96.6,
Hatfield,1270000,41.8,100,   9.4 to 1,90.2,92.8,
Haverhill,1280000,630.6,99.2,  12.3 to 1,78.9,93.3,
Hawlemont,6850000,9.4,89.3,  13.1 to 1,78.7,90.4,
Helen Y. Davis Leadership Academy Charter Public (District),4190000,20.2,49.5,   6.8 to 1,29.7,90.1,
Hill View Montessori Charter Public (District),4550000,23,69.6,  13.3 to 1,56.5,91.3,
Hilltown Cooperative Charter Public (District),4500000,21.1,84.5,  10.3 to 1,69.2,100,
Hingham,1310000,319.7,99.4,  12.1 to 1,91.3,96.9,
Holbrook,1330000,93.7,100,  13.7 to 1,89.3,94.7,
Holland,1350000,16.5,100,  13.7 to 1,91.5,100,
Holliston,1360000,217.1,99.1,  12.9 to 1,84.9,96,
Holyoke,1370000,447,93,  11.4 to 1,56.2,90.8,
Holyoke Community Charter (District),4530000,43.5,70.1,  15.0 to 1,58.6,83.9,
Hoosac Valley Regional,6030000,87.5,95.4,  11.5 to 1,82.9,95.4,
Hopedale,1380000,93.7,100,  11.9 to 1,79,93.6,
Hopkinton,1390000,286.9,100,  14.0 to 1,86.6,95.7,
Hudson,1410000,229,97.4,  10.2 to 1,88.6,98.3,
Hull,1420000,78.2,100,  10.3 to 1,90.8,96.2,
Innovation Academy Charter (District),4350000,67.3,88.3,  11.5 to 1,73.2,83,
Ipswich,1440000,157,98.7,  10.4 to 1,87.8,96.8,
KIPP Academy Boston Charter School (District),4630000,48.5,63.9,  12.4 to 1,35.1,85.6,
KIPP Academy Lynn Charter (District),4290000,110.2,59.8,  14.6 to 1,37.6,89.8,
King Philip,6900000,135.1,97.8,  13.9 to 1,81.6,95.6,
Kingston,1450000,68.6,100,  15.3 to 1,95.6,100,
Lawrence,1490000,"1,123.80",97.4,  11.4 to 1,72.1,87.2,
Lawrence Family Development Charter (District),4540000,58,100,  13.7 to 1,55.2,94.8,
Learning First Charter Public School (District),4860000,39.7,95,  16.9 to 1,62.2,81.5,
Lee,1500000,72.5,100,   9.1 to 1,94.5,91.7,
Leicester,1510000,100.1,100,  13.9 to 1,93,98,
Lenox,1520000,79.1,100,   9.1 to 1,94.8,98.5,
Leominster,1530000,430.7,97.3,  13.7 to 1,83.5,93.6,
Leverett,1540000,14.9,100,   9.6 to 1,100,93.3,
Lexington,1550000,614.5,99.8,  11.0 to 1,88.1,96.8,
Libertas Academy Charter School (District),35140000,42.8,85.5,   7.8 to 1,9.8,90.7,
Lincoln,1570000,122.7,100,   8.7 to 1,85.7,96.7,
Lincoln-Sudbury,6950000,125.1,99.2,  12.1 to 1,92.2,95.4,
Littleton,1580000,119,100,  13.8 to 1,83.3,93.4,
Longmeadow,1590000,252.8,99.8,  11.0 to 1,90.5,97.6,
Lowell,1600000,"1,089.70",97.8,  12.8 to 1,86.1,91.3,
Lowell Community Charter Public (District),4560000,64,98.4,  12.8 to 1,73.4,85.9,
Lowell Middlesex Academy Charter (District),4580000,5,100,  14.8 to 1,100,60,
Ludlow,1610000,224.4,99.6,  10.2 to 1,92.4,97.3,
Lunenburg,1620000,111.3,98.2,  14.3 to 1,90.1,97.3,
Lynn,1630000,"1,200.10",99,  13.1 to 1,78.4,90.2,
Lynnfield,1640000,159.5,100,  13.6 to 1,86.5,98.5,
Ma Academy for Math and Science,4680000,6,100,  15.2 to 1,83.3,83.3,
Malden,1650000,491.6,99.8,  12.4 to 1,79.8,92,
Manchester Essex Regional,6980000,128.9,100,   9.7 to 1,90.8,95.2,
Mansfield,1670000,301.4,100,  11.4 to 1,89.1,98.7,
Map Academy Charter School (District),35170000,25.2,95,   8.8 to 1,35.7,64.3,
Marblehead,1680000,251.6,99.6,  10.3 to 1,88.7,94.8,
Marblehead Community Charter Public (District),4640000,21,95.2,  10.7 to 1,57.1,76.2,
Marion,1690000,34.8,100,  11.7 to 1,97.1,100,
Marlborough,1700000,390.4,100,  11.9 to 1,86.1,96.8,
Marshfield,1710000,335.4,100,  11.4 to 1,88,96.1,
Martha's Vineyard,7000000,76.6,97.4,   9.2 to 1,84.1,85.1,
Martha's Vineyard Charter (District),4660000,20.2,80.2,   8.2 to 1,70.3,79.4,
Martin Luther King Jr. Charter School of Excellence (District),4920000,39.3,92.4,   8.9 to 1,36.3,82.2,
Masconomet,7050000,128,99.2,  12.8 to 1,95.9,95.2,
Mashpee,1720000,133.5,100,  10.9 to 1,88.1,95.6,
Match Charter Public School (District),4690000,124.5,77.2,   9.8 to 1,39.8,89,
Mattapoisett,1730000,37.8,100,  11.5 to 1,92.1,100,
Maynard,1740000,109.8,97.3,  10.8 to 1,83.2,96.1,
Medfield,1750000,193.4,99.5,  13.1 to 1,92,96.9,
Medford,1760000,388.9,98.8,  10.3 to 1,83.3,92.6,
Medway,1770000,154.5,100,  13.6 to 1,87,96.1,
Melrose,1780000,267.2,99.3,  14.0 to 1,80.1,94.9,
Mendon-Upton,7100000,154,96.8,  13.9 to 1,90.4,98.7,
Methuen,1810000,531,99.6,  12.1 to 1,80.9,92.7,
Middleborough,1820000,219.6,100,  13.7 to 1,87.9,94.6,
Middleton,1840000,71.2,98.6,   9.9 to 1,88.7,98.6,
Milford,1850000,354.3,99.2,  12.2 to 1,86.7,96.4,
Millbury,1860000,128.9,100,  12.4 to 1,89,95.3,
Millis,1870000,97.6,98.4,  12.0 to 1,92,97.5,
Milton,1890000,319.3,99.2,  13.6 to 1,88.7,93.9,
Minuteman Regional Vocational Technical,8300000,76.8,98.7,   8.5 to 1,86.3,92.2,
Mohawk Trail,7170000,77.6,97.4,   9.8 to 1,82.3,95,
Monomoy Regional School District,7120000,167.1,99,  10.6 to 1,86.7,94.3,
Monson,1910000,82.1,100,  10.2 to 1,79,87.8,
Montachusett Regional Vocational Technical,8320000,113.5,99.1,  12.5 to 1,89.9,87.7,
Mount Greylock,7150000,110.9,99.8,  10.4 to 1,86,89.4,
Mystic Valley Regional Charter (District),4700000,99.6,57.4,  15.9 to 1,39.6,87,
Nahant,1960000,11.1,98.2,  14.8 to 1,34.6,100,
Nantucket,1970000,157.4,96.4,  10.6 to 1,75.8,87.5,
Narragansett,7200000,101.2,100,  13.8 to 1,81.2,89.1,
Nashoba,7250000,261,99.6,  11.8 to 1,89.2,96,
Nashoba Valley Regional Vocational Technical,8520000,65.3,96.9,  11.3 to 1,83.1,74,
Natick,1980000,444.9,98.7,  11.9 to 1,87.1,95.5,
Nauset,6600000,132.3,100,  10.3 to 1,93.3,94,
Needham,1990000,438.3,99.7,  12.6 to 1,88.3,97.5,
Neighborhood House Charter (District),4440000,82,57.9,   9.3 to 1,39,89,
New Bedford,2010000,"1,037.50",98.7,  12.1 to 1,72.5,90.6,
New Heights Charter School of Brockton (District),35130000,54,92.5,  13.8 to 1,44.3,70,
New Salem-Wendell,7280000,13.7,100,   9.5 to 1,78.1,92.7,
Newburyport,2040000,202.5,99.8,  10.6 to 1,88.1,95.3,
Newton,2070000,"1,108.70",97.9,  10.8 to 1,87.2,96.4,
Norfolk,2080000,84.3,98.2,  12.2 to 1,86.6,97.9,
Norfolk County Agricultural,9150000,57.1,96.8,  10.3 to 1,90,86,
North Adams,2090000,121.1,100,  10.4 to 1,84.6,92.6,
North Andover,2110000,327.6,99.4,  13.7 to 1,85.9,96,
North Attleborough,2120000,287.6,100,  13.8 to 1,84.2,93.4,
North Brookfield,2150000,43.1,99.3,  10.5 to 1,78.6,96.2,
North Middlesex,7350000,243.7,100,  12.3 to 1,84.4,96.7,
North Reading,2170000,206.2,100,  11.3 to 1,90.4,96.1,
Northampton,2100000,232.5,99.4,  11.3 to 1,88.8,94.8,
Northampton-Smith Vocational Agricultural,4060000,58,98.3,   9.4 to 1,86.2,84.5,
Northboro-Southboro,7300000,112.3,100,  11.3 to 1,93.4,99.1,
Northborough,2130000,131.2,99.2,  11.8 to 1,92.1,95.4,
Northbridge,2140000,168.8,99,  11.7 to 1,87.1,92.3,
Northeast Metropolitan Regional Vocational Technical,8530000,110.2,94.9,  11.9 to 1,85.7,88.7,
Northern Berkshire Regional Vocational Technical,8510000,45.5,97.8,  11.5 to 1,93.4,91.2,
Norton,2180000,190.4,100,  12.5 to 1,84.9,96.2,
Norwell,2190000,164.5,100,  13.3 to 1,94.5,96.7,
Norwood,2200000,305,99.7,  11.3 to 1,86.8,95.4,
Oak Bluffs,2210000,49.4,99.9,   8.6 to 1,83.5,94.8,
Old Colony Regional Vocational Technical,8550000,60,96.7,   9.4 to 1,90,76.7,
Old Rochester,7400000,90.4,100,  12.0 to 1,94.5,97.8,
Old Sturbridge Academy Charter Public School (District),35150000,22,95.5,  14.5 to 1,54.5,86.4,
Orange,2230000,37.3,100,  14.4 to 1,81.2,92,
Orleans,2240000,20.1,100,   8.2 to 1,85.1,100,
Oxford,2260000,142,98.6,  10.3 to 1,78.9,90.8,
Palmer,2270000,113.1,100,  10.5 to 1,78.8,92.3,
Pathfinder Regional Vocational Technical,8600000,69.9,95.7,   9.0 to 1,87.1,80.8,
Paulo Freire Social Justice Charter School (District),35010000,22,69.2,  11.1 to 1,41,90,
Peabody,2290000,443.1,99.3,  13.3 to 1,86.8,95.7,
Pelham,2300000,13.2,100,   8.9 to 1,72.6,90.9,
Pembroke,2310000,180.1,99.1,  14.2 to 1,94.1,96.6,
Pentucket,7450000,185.3,99.5,  11.9 to 1,84.6,98.9,
Petersham,2340000,11.7,91.5,   9.7 to 1,78.6,100,
Phoenix Academy Charter Public High School Chelsea (District),4930000,12.1,91.7,  15.3 to 1,33.1,83.5,
Phoenix Academy Public Charter High School Lawrence (District),35180000,11.4,72.8,  12.1 to 1,28.8,73.6,
Phoenix Academy Public Charter High School Springfield (District),35080000,9,33.3,  19.4 to 1,11.1,88.9,
Pioneer Charter School of Science (District),4940000,75.5,83.3,  10.3 to 1,42,78.1,
Pioneer Charter School of Science II (District),35060000,32.7,80.1,  11.5 to 1,67.9,69.4,
Pioneer Valley,7500000,55.2,100,  11.9 to 1,77.9,96.3,
Pioneer Valley Chinese Immersion Charter (District),4970000,72,82,   7.9 to 1,59.7,86.1,
Pioneer Valley Performing Arts Charter Public (District),4790000,43,72.1,   9.3 to 1,55.8,81.4,
Pittsfield,2360000,511.6,95.2,   9.7 to 1,72.9,90.6,
Plainville,2380000,47.4,100,  13.8 to 1,90.7,100,
Plymouth,2390000,626.1,99.7,  11.5 to 1,88.2,95.3,
Plympton,2400000,19.3,100,  12.5 to 1,84.5,100,
Prospect Hill Academy Charter (District),4870000,105,77.7,  10.4 to 1,51.5,94.3,
Provincetown,2420000,25,96,   5.6 to 1,68,90.4,
Quabbin,7530000,145.6,100,  15.3 to 1,86.5,96.1,
Quaboag Regional,7780000,92.1,96.7,  12.4 to 1,86.1,93.4,
Quincy,2430000,727,99.6,  12.9 to 1,85,95.3,
Ralph C Mahar,7550000,56.9,98.2,   9.8 to 1,94.7,96.5,
Randolph,2440000,236.5,98.8,  10.9 to 1,80.8,94,
Reading,2460000,322.7,100,  11.9 to 1,88.2,95.9,
Revere,2480000,601.7,99.4,  11.9 to 1,75.2,93.9,
Richmond,2490000,20,99,   7.9 to 1,88,95,
Rising Tide Charter Public (District),4830000,56.7,74.6,  11.6 to 1,65.8,76.7,
River Valley Charter (District),4820000,22.3,78.5,  12.9 to 1,68.6,77.6,
Rochester,2500000,41.1,100,  12.6 to 1,87.8,97.6,
Rockland,2510000,171.5,99.4,  12.3 to 1,80.4,93,
Rockport,2520000,90,98.9,   8.3 to 1,87.8,96.4,
Rowe,2530000,8.2,97.6,   7.9 to 1,85.4,100,
Roxbury Preparatory Charter (District),4840000,102.5,64.2,  14.8 to 1,23.7,83.9,
Salem,2580000,360.3,97.8,  10.2 to 1,76.1,91.8,
Salem Academy Charter (District),4850000,48.6,70.7,  10.2 to 1,54.2,78.2,
Sandwich,2610000,207.2,99.5,  11.0 to 1,82.3,91.3,
Saugus,2620000,153.3,99.3,  15.9 to 1,88.7,94.9,
Savoy,2630000,5.6,100,   9.2 to 1,82,96.4,
Scituate,2640000,233.2,99.7,  11.9 to 1,90.1,97.5,
Seekonk,2650000,173.1,99.9,  12.0 to 1,93.4,97.1,
Sharon,2660000,271.3,100,  13.0 to 1,88.5,96,
Shawsheen Valley Regional Vocational Technical,8710000,129.6,96.9,  10.2 to 1,88.3,89.1,
Sherborn,2690000,31.3,100,  12.9 to 1,81.5,100,
Shrewsbury,2710000,433.2,99.5,  13.6 to 1,86.4,96.1,
Shutesbury,2720000,13.3,100,   8.7 to 1,92.5,92.5,
Silver Lake,7600000,135.3,100,  12.5 to 1,95.8,94.1,
Sizer School: A North Central Charter Essential (District),4740000,40.5,88,   8.6 to 1,67.7,77.8,
Somerset,2730000,127.2,99.2,  12.9 to 1,86.6,95.3,
Somerset Berkley Regional School District,7630000,76.5,100,  13.0 to 1,93.5,92.2,
Somerville,2740000,408.4,98.3,  11.4 to 1,83.1,94.7,
South Hadley,2780000,148.9,99.3,  11.8 to 1,92,93.1,
South Middlesex Regional Vocational Technical,8290000,87.8,100,   9.7 to 1,76.4,79.8,
South Shore Charter Public (District),4880000,95.5,84.1,  11.0 to 1,78,82,
South Shore Regional Vocational Technical,8730000,62.2,96.8,  10.5 to 1,90.4,75.9,
Southampton,2750000,36.4,97.3,  12.8 to 1,91.8,97.3,
Southborough,2760000,107.5,99.1,  11.6 to 1,89.7,97.2,
Southbridge,2770000,159,96.9,  11.3 to 1,59.6,81.1,
Southeastern Regional Vocational Technical,8720000,120,94.2,  12.9 to 1,75.8,83.3,
Southern Berkshire,7650000,75.4,100,   8.4 to 1,86.7,92.3,
Southern Worcester County Regional Vocational School District,8760000,114,98.2,  10.3 to 1,84.2,86.8,
Southwick-Tolland-Granville Regional School District,7660000,124,100,  11.0 to 1,91.3,98.4,
Spencer-E Brookfield,7670000,106.4,99.1,  13.1 to 1,87.6,92.5,
Springfield,2810000,"2,238.20",97.6,  10.6 to 1,71.1,90.4,
Springfield International Charter (District),4410000,59.1,87,  25.7 to 1,63.2,81.4,
Springfield Preparatory Charter School (District),35100000,34.4,56.4,  12.6 to 1,47.7,97.1,
Stoneham,2840000,196.4,99.5,  11.4 to 1,78.7,94.4,
Stoughton,2850000,308.4,100,  11.3 to 1,88.6,95.8,
Sturbridge,2870000,70,100,  12.1 to 1,91.4,94.3,
Sturgis Charter Public (District),4890000,90.5,58.2,   9.3 to 1,73.8,84.3,
Sudbury,2880000,203.8,100,  12.4 to 1,90.5,97.8,
Sunderland,2890000,24.1,95.9,   7.8 to 1,74.3,90.1,
Sutton,2900000,99.6,100,  12.1 to 1,89.5,97,
Swampscott,2910000,189.1,100,  10.8 to 1,89.3,96.3,
Swansea,2920000,152.4,100,  13.2 to 1,92.2,96.7,
TEC Connections Academy Commonwealth Virtual School District,39020000,103.9,100,  25.9 to 1,78.8,88.4,
Tantasqua,7700000,135.3,99.3,  13.2 to 1,90.3,95.6,
Taunton,2930000,538.6,99.8,  14.4 to 1,87.9,94.8,
Tewksbury,2950000,255,100,  12.5 to 1,91.4,96.5,
Tisbury,2960000,39.5,100,   7.2 to 1,90.9,86.3,
Topsfield,2980000,56.3,100,  11.0 to 1,90.5,100,
Tri-County Regional Vocational Technical,8780000,86.9,97.7,  10.8 to 1,89.6,93.2,
Triton,7730000,197.9,99.5,  11.2 to 1,87.6,91.8,
Truro,3000000,18.4,89.1,   6.0 to 1,67.4,100,
Tyngsborough,3010000,126.8,100,  12.8 to 1,89.4,96.1,
UP Academy Charter School of Boston (District),4800000,31.5,100,  10.1 to 1,44.4,82.5,
UP Academy Charter School of Dorchester (District),35050000,45.2,97.3,  14.4 to 1,39.8,88.9,
Up-Island Regional,7740000,47.4,97.8,   8.7 to 1,73.5,83.3,
Upper Cape Cod Regional Vocational Technical,8790000,76.8,86.3,   9.7 to 1,75.3,77.3,
Uxbridge,3040000,133.6,100,  12.2 to 1,83.4,95.5,
Veritas Preparatory Charter School (District),4980000,43.2,63,   8.8 to 1,34.7,88.4,
Wachusett,7750000,467.3,99.8,  14.4 to 1,92.5,95.9,
Wakefield,3050000,273,100,  12.2 to 1,89.5,95.6,
Wales,3060000,9.3,89.2,  12.8 to 1,68.6,97.8,
Walpole,3070000,289.2,100,  12.7 to 1,89.2,98.4,
Waltham,3080000,552.8,99.5,   9.9 to 1,81.8,93.8,
Ware,3090000,87.9,99.8,  12.8 to 1,86.6,86.4,
Wareham,3100000,177,99.3,  11.5 to 1,86.8,92.8,
Watertown,3140000,271.4,98,   9.5 to 1,84.7,97.7,
Wayland,3150000,233.8,99.3,  11.6 to 1,92.9,96.4,
Webster,3160000,142.8,99.6,  11.9 to 1,84.7,92.2,
Wellesley,3170000,389.7,99.7,  11.0 to 1,90.3,97.5,
Wellfleet,3180000,12.4,100,   9.1 to 1,75.7,100,
West Boylston,3220000,79.7,100,  11.0 to 1,85.6,92.5,
West Bridgewater,3230000,91.8,100,  15.0 to 1,84.2,97.8,
West Springfield,3320000,344.3,99.8,  11.2 to 1,93.4,97.4,
Westborough,3210000,349.3,99.9,  11.0 to 1,87.6,94.5,
Westfield,3250000,415.6,98,  11.5 to 1,86,95.5,
Westford,3260000,368.4,99.3,  12.7 to 1,90.6,97.6,
Westhampton,3270000,16.4,100,   6.3 to 1,87.8,93.9,
Weston,3300000,167.3,98.6,  11.6 to 1,90.2,96.4,
Westport,3310000,115.3,100,  12.4 to 1,92.6,92.6,
Westwood,3350000,235.3,100,  12.3 to 1,84.1,94.9,
Weymouth,3360000,457.8,99.8,  12.1 to 1,86,95,
Whately,3370000,12.6,100,   9.6 to 1,92,100,
Whitman-Hanson,7800000,249.1,100,  14.3 to 1,83.9,96.2,
Whittier Regional Vocational Technical,8850000,114.7,98.3,  11.2 to 1,86.1,85.2,
Williamsburg,3400000,16.3,100,   8.5 to 1,80.3,93.8,
Wilmington,3420000,265.1,98.9,  10.6 to 1,85.4,96.7,
Winchendon,3430000,84.8,100,  14.2 to 1,85.6,88.3,
Winchester,3440000,355.9,100,  12.3 to 1,85.1,94.9,
Winthrop,3460000,154.9,100,  12.2 to 1,78,91,
Woburn,3470000,361.1,99.2,  11.9 to 1,84.6,97,
Worcester,3480000,"1,950.90",97.2,  12.2 to 1,79.9,91.8,
Worthington,3490000,6.4,100,  10.5 to 1,68.8,81.3,
Wrentham,3500000,81.5,100,  11.3 to 1,86,97.5,
State Totals,0,"76,328.80",97.8,  11.9 to 1,82.6,93.5,