District Name,District Code,PK,K,1,2,3,4,5,6,7,8,9,10,11,12,SP,Total
Abby Kelley Foster Charter Public (District),04450000,       0,     119,     118,     119,     119,     120,     124,     119,     112,     109,      91,      93,      90,      93,       0,"   1,426"
Abington,00010000,      76,     174,     186,     171,     166,     148,     169,     142,     171,     165,     133,     148,     145,     154,       6,"   2,154"
Academy Of the Pacific Rim Charter Public (District),04120000,       0,       0,       0,       0,       0,       0,      49,      64,      67,      71,      65,      75,      59,      60,       0,     510
Acton-Boxborough,06000000,     106,     317,     316,     338,     375,     399,     399,     408,     404,     421,     385,     407,     456,     451,       4,"   5,186"
Acushnet,00030000,      53,      76,     101,      87,     119,     101,      81,     114,     104,      99,       0,       0,       0,       0,       0,     935
Advanced Math and Science Academy Charter (District),04300000,       0,       0,       0,       0,       0,       0,       0,     133,     142,     127,     134,     140,     143,     146,       0,     965
Agawam,00050000,     157,     229,     231,     254,     251,     225,     275,     245,     266,     314,     277,     252,     263,     220,       5,"   3,464"
Alma del Mar Charter School (District),04090000,       0,     102,     102,     101,     103,     103,      51,     149,     140,      93,       0,       0,       0,       0,       0,     944
Amesbury,00070000,      37,     136,     138,     123,     109,     129,     135,     155,     169,     156,     113,     132,     125,     133,       7,"   1,797"
Amherst,00080000,      55,     127,     142,     140,     145,     138,     154,     152,       0,       0,       0,       0,       0,       0,       0,"   1,053"
Amherst-Pelham,06050000,       0,       0,       0,       0,       0,       0,       0,       0,     195,     217,     207,     215,     206,     226,       4,"   1,270"
Andover,00090000,      77,     358,     369,     357,     460,     394,     411,     443,     451,     457,     420,     416,     415,     393,      35,"   5,456"
Argosy Collegiate Charter School (District),35090000,       0,       0,       0,       0,       0,       0,       0,     100,     103,     103,      77,      55,      63,      65,       0,     566
Arlington,00100000,      73,     486,     474,     471,     543,     469,     509,     452,     473,     433,     364,     372,     362,     385,       0,"   5,866"
Ashburnham-Westminster,06100000,      58,     165,     152,     156,     196,     170,     175,     182,     196,     197,     155,     168,     163,     128,      11,"   2,272"
Ashland,00140000,      77,     225,     229,     195,     212,     206,     218,     228,     237,     231,     209,     204,     175,     224,       0,"   2,870"
Assabet Valley Regional Vocational Technical,08010000,       0,       0,       0,       0,       0,       0,       0,       0,       0,       0,     300,     292,     275,     272,       0,"   1,139"
Athol-Royalston,06150000,      67,     142,     117,     112,     129,     122,     130,     122,     105,     122,     115,     106,      74,      74,       2,"   1,539"
Atlantis Charter (District),04910000,       0,     109,     108,     110,     110,     105,     108,     109,     107,     109,      78,      61,      88,      75,       0,"   1,277"
Attleboro,00160000,     180,     421,     363,     416,     414,     415,     423,     457,     439,     469,     496,     446,     442,     469,      16,"   5,866"
Auburn,00170000,     109,     154,     177,     186,     189,     163,     217,     199,     220,     228,     163,     179,     199,     180,      10,"   2,573"
Avon,00180000,      24,      48,      45,      45,      52,      60,      63,      62,      51,      57,      64,      49,      45,      47,       3,     715
Ayer Shirley School District,06160000,      74,     138,     124,     145,     119,     132,     132,     121,     131,     138,     119,      88,      99,      62,       0,"   1,622"
Barnstable,00200000,     149,     360,     370,     352,     364,     368,     344,     326,     356,     372,     363,     347,     336,     330,      14,"   4,751"
Baystate Academy Charter Public School (District),35020000,       0,       0,       0,       0,       0,       0,       0,      58,      81,      74,      71,      66,      62,      44,       0,     456
Bedford,00230000,      46,     141,     171,     187,     195,     215,     188,     200,     206,     204,     226,     201,     204,     218,       0,"   2,602"
Belchertown,00240000,      49,     156,     147,     145,     155,     166,     156,     161,     173,     169,     158,     161,     183,     147,       5,"   2,131"
Bellingham,00250000,      88,     132,     119,     137,     141,     134,     159,     142,     165,     186,     150,     157,     131,     135,       4,"   1,980"
Belmont,00260000,      71,     289,     286,     335,     339,     345,     355,     308,     345,     354,     342,     334,     318,     335,       0,"   4,356"
Benjamin Banneker Charter Public (District),04200000,      19,      43,      48,      45,      43,      46,      47,      38,       0,       0,       0,       0,       0,       0,       0,     329
Benjamin Franklin Classical Charter Public (District),04470000,       0,      96,      98,      96,      96,      96,      96,      97,      94,      49,       0,       0,       0,       0,       0,     818
Berkley,00270000,      59,      73,      79,      91,      86,      76,     101,      97,      96,     112,       0,       0,       0,       0,       0,     870
Berkshire Arts and Technology Charter Public (District),04140000,       0,       0,       0,       0,       0,       0,       0,      68,      64,      64,      49,      42,      38,      41,       0,     366
Berkshire Hills,06180000,      24,      57,      58,      65,      68,      55,      67,      91,      91,     100,     133,     116,     112,     150,       1,"   1,188"
Berlin-Boylston,06200000,      57,      81,      78,      82,      69,      86,      67,      84,      76,      90,      65,      83,      61,      74,       0,"   1,053"
Beverly,00300000,     123,     326,     370,     372,     365,     354,     344,     343,     368,     372,     318,     299,     330,     343,       9,"   4,636"
Billerica,00310000,     200,     393,     393,     362,     373,     368,     348,     406,     373,     389,     297,     265,     269,     288,      10,"   4,734"
Blackstone Valley Regional Vocational Technical,08050000,       0,       0,       0,       0,       0,       0,       0,       0,       0,       0,     320,     314,     301,     299,       0,"   1,234"
Blackstone-Millville,06220000,      92,      81,     112,     102,     120,     125,      98,     147,     110,     138,     110,      95,      99,     102,       7,"   1,538"
Blue Hills Regional Vocational Technical,08060000,       0,       0,       0,       0,       0,       0,       0,       0,       0,       0,     246,     240,     220,     211,       0,     917
Boston,00350000,"   2,766","   3,263","   3,249","   3,271","   3,394","   3,436","   3,156","   2,832","   3,243","   3,279","   3,513","   3,362","   3,565","   3,581",     259,"  46,169"
Boston Collegiate Charter (District),04490000,       0,       0,       0,       0,       0,       0,      91,      90,      88,      97,      96,      77,      80,      83,       0,     702
Boston Day and Evening Academy Charter (District),04240000,       0,       0,       0,       0,       0,       0,       0,       0,       0,       0,      50,      49,       0,     249,       0,     348
Boston Green Academy Horace Mann Charter School (District),04110000,       0,       0,       0,       0,       0,       0,       0,      51,      49,      60,      91,      79,      74,      75,       7,     486
Boston Preparatory Charter Public (District),04160000,       0,       0,       0,       0,       0,       0,       0,      90,      96,     108,     132,     111,      81,      78,       0,     696
Boston Renaissance Charter Public (District),04810000,     113,     131,     133,     123,     143,     122,     101,      73,       0,       0,       0,       0,       0,       0,       0,     939
Bourne,00360000,      46,     105,      93,     113,     104,     137,     124,     151,     142,     149,      82,      97,      88,     110,      16,"   1,557"
Boxford,00380000,      37,      96,     107,     106,      88,      95,     100,     110,       0,       0,       0,       0,       0,       0,       0,     739
Braintree,00400000,      94,     366,     377,     390,     425,     374,     414,     422,     410,     462,     422,     376,     413,     424,       0,"   5,369"
Brewster,00410000,      27,      63,      64,      71,      72,      56,      85,       0,       0,       0,       0,       0,       0,       0,       0,     438
Bridge Boston Charter School (District),04170000,      34,      35,      40,      37,      36,      36,      39,      30,      26,      23,       0,       0,       0,       0,       0,     336
Bridgewater-Raynham,06250000,     152,     430,     427,     428,     434,     436,     425,     426,     404,     451,     376,     313,     317,     360,      13,"   5,392"
Brimfield,00430000,      29,      34,      31,      42,      25,      42,      36,      30,       0,       0,       0,       0,       0,       0,       0,     269
Bristol County Agricultural,09100000,       0,       0,       0,       0,       0,       0,       0,       0,       0,       0,     171,     118,     108,     102,       0,     499
Bristol-Plymouth Regional Vocational Technical,08100000,       0,       0,       0,       0,       0,       0,       0,       0,       0,       0,     337,     345,     331,     319,       0,"   1,332"
Brockton,00440000,     326,"   1,205","   1,187","   1,034","   1,068","   1,153","   1,278","   1,189","   1,176","   1,209","   1,493",     947,"   1,004",     923,      73,"  15,265"
Brooke Charter School (District),04280000,       0,     188,     194,     193,     192,     192,     188,     177,     177,     180,     159,     135,     105,      63,       2,"   2,145"
Brookfield,00450000,      19,      32,      39,      36,      37,      37,      37,      42,       0,       0,       0,       0,       0,       0,       0,     279
Brookline,00460000,     255,     501,     516,     507,     479,     534,     480,     503,     553,     513,     544,     509,     492,     518,      24,"   6,928"
Burlington,00480000,      89,     277,     268,     279,     277,     290,     290,     276,     249,     238,     234,     211,     223,     239,       0,"   3,440"
Cambridge,00490000,     455,     546,     567,     494,     512,     508,     462,     388,     411,     402,     498,     426,     452,     469,      22,"   6,612"
Canton,00500000,      79,     240,     251,     242,     235,     235,     253,     258,     248,     284,     221,     216,     211,     255,       0,"   3,228"
Cape Cod Lighthouse Charter (District),04320000,       0,       0,       0,       0,       0,       0,       0,      83,      84,      83,       0,       0,       0,       0,       0,     250
Cape Cod Regional Vocational Technical,08150000,       0,       0,       0,       0,       0,       0,       0,       0,       0,       0,     178,     173,     166,     137,       0,     654
Carlisle,00510000,      15,      74,      59,      53,      71,      67,      71,      59,      65,      81,       0,       0,       0,       0,       0,     615
Carver,00520000,      48,     135,     102,     128,     124,     108,     143,     121,     117,     116,      97,     106,      92,      71,       0,"   1,508"
Central Berkshire,06350000,      57,     107,      85,     113,      94,     109,     116,     100,     110,     112,     135,     141,     121,     116,       0,"   1,516"
Chelmsford,00560000,     127,     355,     414,     360,     388,     401,     380,     373,     399,     404,     327,     349,     324,     342,       0,"   4,943"
Chelsea,00570000,     246,     466,     500,     465,     510,     478,     421,     416,     452,     504,     497,     437,     371,     305,       6,"   6,074"
Chesterfield-Goshen,06320000,      28,      24,      12,      18,      17,      16,      19,      14,       0,       0,       0,       0,       0,       0,       0,     148
Chicopee,00610000,     203,     416,     459,     481,     463,     507,     539,     506,     501,     579,     570,     545,     519,     506,       2,"   6,796"
Christa McAuliffe Charter Public (District),04180000,       0,       0,       0,       0,       0,       0,       0,     139,     124,     125,       0,       0,       0,       0,       0,     388
City on a Hill Charter Public School (District),04370000,       0,       0,       0,       0,       0,       0,       0,       0,       0,       0,      55,      72,      54,      48,       0,     229
Clarksburg,00630000,      20,      18,      21,      15,      22,      31,      14,      22,      18,      30,       0,       0,       0,       0,       0,     211
Clinton,00640000,      93,     146,     154,     138,     165,     136,     144,     132,     134,     168,     135,     139,     120,      99,       2,"   1,905"
Codman Academy Charter Public (District),04380000,      20,      18,      20,      19,      20,      21,      19,      20,      19,      22,      44,      41,      31,      29,       0,     343
Cohasset,00650000,      25,     127,     109,     105,     102,     100,     112,      94,     104,     120,     106,     102,     116,     100,       0,"   1,422"
Collegiate Charter School of Lowell (District),35030000,       0,      81,      85,      89,     117,     125,     116,     122,     101,     124,      81,      37,      39,       0,       0,"   1,117"
Community Charter School of Cambridge (District),04360000,       0,       0,       0,       0,       0,       0,       0,      22,      42,      42,      48,      56,      30,      48,       0,     288
Community Day Charter Public School - Gateway (District),04260000,      40,      37,      40,      40,      44,      43,      41,      41,      43,      32,       0,       0,       0,       0,       0,     401
Community Day Charter Public School - Prospect (District),04400000,      41,      32,      21,      40,      48,      48,      45,      40,      42,      43,       0,       0,       0,       0,       0,     400
Community Day Charter Public School - R. Kingman Webster (District),04310000,      37,      37,      42,      41,      43,      41,      42,      39,      37,      35,       0,       0,       0,       0,       0,     394
Concord,00670000,      51,     181,     193,     220,     232,     227,     206,     235,     217,     236,       0,       0,       0,       0,       0,"   1,998"
Concord-Carlisle,06400000,       0,       0,       0,       0,       0,       0,       0,       0,       0,       0,     316,     332,     341,     326,       8,"   1,323"
Conservatory Lab Charter (District),04390000,      48,      48,      52,      54,      53,      57,      46,      37,      24,      28,       0,       0,       0,       0,       0,     447
Conway,00680000,      18,      16,      15,      18,      20,      16,      21,      21,       0,       0,       0,       0,       0,       0,       0,     145
Danvers,00710000,      87,     239,     290,     253,     269,     246,     256,     250,     271,     249,     185,     214,     198,     202,       8,"   3,217"
Dartmouth,00720000,      84,     228,     231,     264,     248,     255,     259,     247,     281,     282,     248,     264,     245,     275,       0,"   3,411"
Dedham,00730000,     108,     224,     201,     214,     187,     174,     186,     166,     201,     205,     191,     165,     170,     168,       7,"   2,567"
Deerfield,00740000,      26,      40,      26,      53,      40,      52,      51,      38,       0,       0,       0,       0,       0,       0,       0,     326
Dennis-Yarmouth,06450000,      84,     219,     227,     243,     252,     205,     232,     230,     203,     224,     205,     150,     150,     170,       1,"   2,795"
Dighton-Rehoboth,06500000,      53,     177,     205,     178,     217,     194,     208,     202,     199,     239,     179,     173,     163,     177,       5,"   2,569"
Douglas,00770000,      51,      79,      68,      99,      87,      80,     106,      93,      91,      90,      72,      90,      80,      92,       2,"   1,180"
Dover,00780000,      12,      82,      66,      85,      81,      73,      90,       0,       0,       0,       0,       0,       0,       0,       0,     489
Dover-Sherborn,06550000,       0,       0,       0,       0,       0,       0,       0,     160,     158,     185,     163,     176,     153,     165,       0,"   1,160"
Dracut,00790000,      54,     291,     318,     313,     306,     316,     258,     294,     294,     308,     227,     208,     199,     234,       8,"   3,628"
Dudley Street Neighborhood Charter School (District),04070000,      43,      41,      43,      41,      44,      43,      31,       0,       0,       0,       0,       0,       0,       0,       0,     286
Dudley-Charlton Reg,06580000,      99,     236,     242,     250,     257,     270,     262,     275,     293,     338,     243,     226,     218,     237,       6,"   3,452"
Duxbury,00820000,      57,     176,     197,     190,     187,     205,     201,     225,     189,     236,     238,     245,     232,     231,       2,"   2,811"
East Bridgewater,00830000,      98,     146,     149,     155,     142,     166,     153,     167,     158,     178,     132,     138,     163,     162,       0,"   2,107"
East Longmeadow,00870000,      35,     171,     156,     181,     161,     187,     184,     196,     197,     208,     180,     206,     219,     208,       3,"   2,492"
Eastham,00850000,      15,      34,      21,      28,      28,      32,      34,       0,       0,       0,       0,       0,       0,       0,       0,     192
Easthampton,00860000,      40,      99,     112,     115,     116,     108,     112,     118,     110,      86,     110,      93,      90,     106,       2,"   1,417"
Easton,00880000,      61,     223,     212,     234,     235,     256,     250,     270,     298,     266,     272,     266,     284,     282,       9,"   3,418"
Edgartown,00890000,       8,      34,      44,      45,      45,      38,      49,      39,      53,      42,       0,       0,       0,       0,       0,     397
Edward M. Kennedy Academy for Health Careers (Horace Mann Charter) (District),04520000,       0,       0,       0,       0,       0,       0,       0,       0,       0,       0,     107,     103,      94,      91,       0,     395
Erving,00910000,      21,      19,      15,      17,      14,      12,      14,      21,       0,       0,       0,       0,       0,       0,       0,     133
Essex North Shore Agricultural and Technical School District,08170000,       0,       0,       0,       0,       0,       0,       0,       0,       0,       0,     449,     420,     410,     375,       0,"   1,654"
Everett,00930000,     309,     433,     447,     506,     489,     529,     484,     505,     494,     506,     562,     578,     479,     492,       0,"   6,813"
Excel Academy Charter (District),04100000,       0,       0,       0,       0,       0,       0,     165,     174,     168,     173,     181,     174,     171,     159,       0,"   1,365"
Fairhaven,00940000,      31,     113,     117,     113,     123,     128,     137,     147,     157,     149,     166,     145,     169,     151,       0,"   1,846"
Fall River,00950000,     257,     853,     776,     876,     815,     875,     905,     795,     788,     862,     657,     620,     620,     569,       0,"  10,268"
Falmouth,00960000,     103,     250,     206,     223,     228,     257,     230,     244,     259,     239,     211,     197,     212,     178,       7,"   3,044"
Farmington River Reg,06620000,      14,      19,      20,      15,      10,      15,      14,       9,       0,       0,       0,       0,       0,       0,       0,     116
Fitchburg,00970000,     166,     382,     366,     421,     460,     374,     435,     405,     381,     372,     307,     339,     389,     379,      11,"   5,187"
Florida,00980000,       8,      12,      14,       7,      10,       3,      12,       7,      12,      19,       0,       0,       0,       0,       0,     104
Four Rivers Charter Public (District),04130000,       0,       0,       0,       0,       0,       0,       0,       0,      35,      39,      38,      30,      38,      38,       0,     218
Foxborough,00990000,      91,     156,     171,     179,     169,     167,     195,     169,     178,     212,     194,     188,     189,     193,       8,"   2,459"
Foxborough Regional Charter (District),04460000,       0,     146,     147,     146,     151,     147,     141,     141,     139,     143,     118,     101,      88,      81,       0,"   1,689"
Framingham,01000000,     254,     688,     709,     662,     795,     692,     704,     605,     624,     669,     649,     642,     590,     541,       0,"   8,824"
Francis W. Parker Charter Essential (District),04780000,       0,       0,       0,       0,       0,       0,       0,       0,      67,      71,      68,      58,      69,      53,       0,     386
Franklin,01010000,     130,     280,     301,     292,     337,     323,     359,     330,     353,     386,     390,     410,     423,     435,      15,"   4,764"
Franklin County Regional Vocational Technical,08180000,       0,       0,       0,       0,       0,       0,       0,       0,       0,       0,     167,     160,     135,     121,       0,     583
Freetown-Lakeville,06650000,      48,     201,     221,     232,     215,     224,     221,     226,     216,     233,     184,     191,     191,     153,       0,"   2,756"
Frontier,06700000,       0,       0,       0,       0,       0,       0,       0,       0,     100,     109,     104,      97,      95,      99,       6,     610
Gardner,01030000,      81,     179,     175,     162,     142,     158,     148,     176,     194,     181,     192,     146,     151,     159,       7,"   2,251"
Gateway,06720000,      47,      49,      42,      51,      52,      71,      54,      55,      74,      64,      40,      51,      41,      40,       2,     733
Georgetown,01050000,      71,      91,      91,     104,     103,     105,      91,      95,      89,     114,      66,      80,      83,      93,       0,"   1,276"
Gill-Montague,06740000,      36,      82,      63,      52,      68,      80,      73,      75,      58,      74,      47,      55,      37,      38,       7,     845
Global Learning Charter Public (District),04960000,       0,       0,       0,       0,       0,       0,      83,      91,      91,      87,      43,      34,      43,      32,       0,     504
Gloucester,01070000,      80,     243,     217,     221,     199,     209,     204,     221,     204,     205,     196,     250,     188,     190,       6,"   2,833"
Gosnold,01090000,       0,       0,       0,       0,       0,       0,       0,       0,       0,       0,       0,       0,       0,       0,       0,       0
Grafton,01100000,      82,     228,     227,     251,     197,     239,     240,     242,     283,     240,     234,     204,     233,     234,       4,"   3,138"
Granby,01110000,      21,      45,      56,      55,      64,      51,      46,      56,      46,      48,      43,      45,      56,      65,       0,     697
Greater Commonwealth Virtual District,39010000,       0,      20,      42,      46,      60,      62,      64,      64,      88,     117,     113,     124,     124,     106,       0,"   1,030"
Greater Fall River Regional Vocational Technical,08210000,       0,       0,       0,       0,       0,       0,       0,       0,       0,       0,     373,     358,     343,     346,       1,"   1,421"
Greater Lawrence Regional Vocational Technical,08230000,       0,       0,       0,       0,       0,       0,       0,       0,       0,       0,     428,     422,     413,     392,       0,"   1,655"
Greater Lowell Regional Vocational Technical,08280000,       0,       0,       0,       0,       0,       0,       0,       0,       0,       0,     596,     594,     565,     527,      18,"   2,300"
Greater New Bedford Regional Vocational Technical,08250000,       0,       0,       0,       0,       0,       0,       0,       0,       0,       0,     564,     561,     495,     490,       0,"   2,110"
Greenfield,01140000,      83,     129,     127,     142,     121,     132,     123,     125,     113,     123,     108,      92,      76,     107,       3,"   1,604"
Groton-Dunstable,06730000,      69,     154,     150,     168,     180,     175,     186,     156,     202,     171,     167,     174,     170,     189,       4,"   2,315"
Hadley,01170000,      45,      22,      36,      32,      35,      30,      34,      38,      31,      41,      43,      47,      39,      35,       0,     508
Halifax,01180000,       0,      69,      74,      65,      83,      95,     102,      76,       0,       0,       0,       0,       0,       0,       0,     564
Hamilton-Wenham,06750000,      40,     141,     131,     121,     126,     138,     116,     118,     132,     129,     114,     120,     126,     132,       0,"   1,684"
Hampden Charter School of Science East (District),04990000,       0,       0,       0,       0,       0,       0,       0,      84,      87,      86,      84,      81,      76,      56,       0,     554
Hampden Charter School of Science West (District),35160000,       0,       0,       0,       0,       0,       0,       0,      62,      65,      67,      60,      56,      32,      26,       0,     368
Hampden-Wilbraham,06800000,     105,     178,     165,     204,     185,     193,     210,     198,     213,     222,     259,     248,     230,     280,       0,"   2,890"
Hampshire,06830000,       0,       0,       0,       0,       0,       0,       0,       0,     123,     130,     100,      97,     100,     131,       4,     685
Hancock,01210000,      13,       5,       9,       8,       6,       4,       6,       6,       0,       0,       0,       0,       0,       0,       0,      57
Hanover,01220000,     101,     175,     201,     224,     208,     180,     215,     197,     215,     171,     170,     179,     170,     188,       2,"   2,596"
Harvard,01250000,      27,      80,      52,      66,      68,      78,      81,      83,      77,      90,      75,      86,      71,      91,       0,"   1,025"
Hatfield,01270000,      27,      24,      17,      25,      33,      25,      39,      26,      35,      33,      23,      18,      25,      41,       0,     391
Haverhill,01280000,     209,     530,     539,     570,     604,     644,     648,     628,     696,     692,     623,     501,     417,     402,      35,"   7,738"
Hawlemont,06850000,      17,      11,      15,      13,      16,      14,      21,      16,       0,       0,       0,       0,       0,       0,       0,     123
Helen Y. Davis Leadership Academy Charter Public (District),04190000,       0,       0,       0,       0,       0,       0,       0,      17,      48,      73,       0,       0,       0,       0,       0,     138
Hill View Montessori Charter Public (District),04550000,       0,      36,      34,      33,      33,      34,      39,      34,      30,      33,       0,       0,       0,       0,       0,     306
Hilltown Cooperative Charter Public (District),04500000,       0,      20,      20,      21,      20,      22,      22,      31,      30,      31,       0,       0,       0,       0,       0,     217
Hingham,01310000,      72,     262,     267,     303,     279,     304,     294,     313,     264,     301,     265,     292,     326,     319,       3,"   3,864"
Holbrook,01330000,      38,     105,      89,     111,     111,     106,     114,     115,      93,     102,      74,      92,      76,      57,       3,"   1,286"
Holland,01350000,      29,      30,      23,      19,      30,      34,      32,      29,       0,       0,       0,       0,       0,       0,       0,     226
Holliston,01360000,     100,     226,     190,     196,     176,     209,     224,     228,     219,     229,     202,     191,     194,     219,       6,"   2,809"
Holyoke,01370000,     306,     318,     374,     386,     375,     340,     409,     351,     360,     375,     378,     356,     356,     418,       0,"   5,102"
Holyoke Community Charter (District),04530000,       0,      68,      49,      76,      86,      74,      74,      84,      76,      66,       0,       0,       0,       0,       0,     653
Hoosac Valley Regional,06030000,      55,      82,      69,      88,      66,      69,      73,      71,      95,     103,      59,      52,      55,      71,       0,"   1,008"
Hopedale,01380000,      94,      76,      81,      73,      75,      83,      84,      77,      88,      89,      72,      73,      67,      82,       0,"   1,114"
Hopkinton,01390000,      79,     258,     303,     300,     322,     285,     324,     308,     303,     312,     320,     280,     311,     295,       6,"   4,006"
Hudson,01410000,      27,     163,     180,     178,     195,     210,     202,     175,     170,     202,     170,     154,     158,     152,       0,"   2,336"
Hull,01420000,      52,      53,      43,      54,      56,      63,      57,      56,      62,      61,      64,      54,      62,      68,       0,     805
Innovation Academy Charter (District),04350000,       0,       0,       0,       0,       0,       0,     100,     100,     100,     100,     113,      95,      87,      81,       0,     776
Ipswich,01440000,      37,     127,     103,     111,     106,     133,     123,     117,     119,     124,     131,     131,     125,     136,       5,"   1,628"
King Philip,06900000,       0,       0,       0,       0,       0,       0,       0,       0,     317,     395,     271,     298,     267,     320,       6,"   1,874"
Kingston,01450000,       0,     157,     148,     152,     149,     144,     136,     161,       0,       0,       0,       0,       0,       0,       0,"   1,047"
KIPP Academy Boston Charter School (District),04630000,       0,      63,      71,      70,      71,      72,      65,      66,      61,      61,       0,       0,       0,       0,       0,     600
KIPP Academy Lynn Charter (District),04290000,       0,     128,     124,     124,     124,     125,     128,     128,     124,     124,     130,     128,     113,     114,       0,"   1,614"
Lawrence,01490000,     406,     811,     980,     912,     996,"   1,001","   1,010","   1,054","   1,067","   1,115",     850,     798,     822,     923,      41,"  12,786"
Lawrence Family Development Charter (District),04540000,      82,      80,      80,      84,      84,      81,      78,      77,      75,      75,       0,       0,       0,       0,       0,     796
Learning First Charter Public School (District),04860000,       0,      75,      76,      75,      75,      76,      75,      78,      75,      66,       0,       0,       0,       0,       0,     671
Lee,01500000,      20,      36,      33,      43,      54,      54,      47,      47,      57,      37,      60,      59,      54,      55,       4,     660
Leicester,01510000,      46,      99,      89,      98,      93,     119,      93,      89,     102,     128,      91,     115,      96,     131,       0,"   1,389"
Lenox,01520000,      22,      40,      46,      43,      48,      47,      50,      55,      60,      60,      58,      62,      62,      67,       2,     722
Leominster,01530000,     114,     434,     392,     435,     432,     414,     431,     445,     480,     460,     471,     467,     464,     458,      18,"   5,915"
Leverett,01540000,      15,      17,      20,      17,      18,      23,      21,      13,       0,       0,       0,       0,       0,       0,       0,     144
Lexington,01550000,      67,     343,     364,     441,     494,     519,     541,     552,     591,     605,     576,     547,     583,     567,       0,"   6,790"
Libertas Academy Charter School (District),35140000,       0,       0,       0,       0,       0,       0,       0,      72,      95,      86,      79,       0,       0,       0,       0,     332
Lincoln,01570000,      86,     106,     113,     118,     129,     115,     105,      89,     102,     103,       0,       0,       0,       0,       0,"   1,066"
Lincoln-Sudbury,06950000,       0,       0,       0,       0,       0,       0,       0,       0,       0,       0,     391,     362,     361,     395,       4,"   1,513"
Littleton,01580000,      52,     142,     103,     116,     121,     138,     121,     132,     132,     134,     119,     119,     108,     101,       4,"   1,642"
Longmeadow,01590000,      63,     184,     167,     191,     213,     207,     207,     195,     215,     238,     230,     226,     216,     239,       0,"   2,791"
Lowell,01600000,     532,"   1,080","   1,130","   1,096","   1,217","   1,099","   1,113","   1,110","   1,207","   1,206",     948,     774,     669,     786,      24,"  13,991"
Lowell Community Charter Public (District),04560000,      40,      98,      96,      96,      93,      85,      85,      76,      80,      73,       0,       0,       0,       0,       0,     822
Lowell Middlesex Academy Charter (District),04580000,       0,       0,       0,       0,       0,       0,       0,       0,       0,       0,      27,      13,      11,      23,       0,      74
Ludlow,01610000,      33,     128,     153,     149,     153,     160,     157,     169,     161,     203,     229,     192,     205,     201,       0,"   2,293"
Lunenburg,01620000,      39,     124,     112,     104,     135,     110,     116,     135,     125,     142,     107,     119,     107,     117,       5,"   1,597"
Lynn,01630000,     257,"   1,112","   1,186","   1,068","   1,175","   1,203","   1,136","   1,102","   1,104","   1,191","   1,491","   1,210","   1,193","   1,248",      51,"  15,727"
Lynnfield,01640000,      38,     171,     178,     164,     169,     190,     162,     193,     179,     159,     140,     147,     136,     141,       0,"   2,167"
Ma Academy for Math and Science,04680000,       0,       0,       0,       0,       0,       0,       0,       0,       0,       0,       0,       0,      50,      41,       0,      91
Malden,01650000,     217,     439,     445,     438,     439,     435,     480,     475,     497,     479,     431,     439,     435,     433,      19,"   6,101"
Manchester Essex Regional,06980000,      20,      66,      82,      83,      82,      88,      96,      78,      96,     109,     113,      93,     121,     123,       0,"   1,250"
Mansfield,01670000,      91,     240,     257,     221,     229,     236,     262,     266,     258,     276,     232,     276,     306,     281,       6,"   3,437"
Map Academy Charter School (District),35170000,       0,       0,       0,       0,       0,       0,       0,       0,       0,       0,      46,      54,      66,      57,       0,     223
Marblehead,01680000,      65,     147,     162,     170,     177,     169,     200,     190,     195,     195,     238,     218,     225,     245,       5,"   2,601"
Marblehead Community Charter Public (District),04640000,       0,       0,       0,       0,       0,      47,      51,      44,      49,      34,       0,       0,       0,       0,       0,     225
Marion,01690000,      17,      50,      50,      53,      65,      53,      54,      64,       0,       0,       0,       0,       0,       0,       0,     406
Marlborough,01700000,     169,     389,     423,     409,     401,     371,     382,     354,     353,     370,     254,     226,     294,     239,       9,"   4,643"
Marshfield,01710000,     155,     240,     257,     275,     236,     262,     306,     269,     287,     290,     338,     268,     310,     326,       3,"   3,822"
Martha's Vineyard,07000000,       0,       0,       0,       0,       0,       0,       0,       0,       0,       0,     208,     178,     178,     139,       3,     706
Martha's Vineyard Charter (District),04660000,       0,      10,      11,      12,      14,      15,      11,      20,      17,      22,       5,       5,       8,      15,       0,     165
Martin Luther King Jr. Charter School of Excellence (District),04920000,       0,      59,      61,      59,      59,      55,      57,       0,       0,       0,       0,       0,       0,       0,       0,     350
Masconomet,07050000,       0,       0,       0,       0,       0,       0,       0,       0,     280,     315,     221,     260,     276,     290,       0,"   1,642"
Mashpee,01720000,      80,      90,      98,      96,      90,     109,     105,     119,     118,     112,     127,      95,     113,     105,       0,"   1,457"
Match Charter Public School (District),04690000,      54,      91,      94,      97,     100,     102,      96,      94,      95,      94,      82,      81,      74,      71,       0,"   1,225"
Mattapoisett,01730000,      25,      59,      51,      50,      64,      63,      64,      60,       0,       0,       0,       0,       0,       0,       0,     436
Maynard,01740000,      61,      90,      83,      96,      88,     105,      92,      93,      74,      92,      83,      66,      74,      86,       2,"   1,185"
Medfield,01750000,      49,     197,     181,     200,     196,     194,     197,     206,     184,     176,     179,     183,     197,     190,       1,"   2,530"
Medford,01760000,      87,     355,     294,     282,     280,     285,     307,     307,     290,     318,     280,     303,     337,     291,       8,"   4,024"
Medway,01770000,      41,     149,     146,     163,     156,     151,     150,     175,     155,     183,     159,     145,     160,     175,       0,"   2,108"
Melrose,01780000,     157,     282,     312,     294,     298,     328,     310,     287,     282,     275,     232,     225,     221,     240,       5,"   3,748"
Mendon-Upton,07100000,      52,     160,     150,     154,     162,     163,     145,     161,     162,     197,     160,     158,     143,     170,       4,"   2,141"
Methuen,01810000,     139,     418,     444,     486,     487,     494,     498,     512,     510,     560,     472,     486,     450,     483,       0,"   6,439"
Middleborough,01820000,      58,     220,     230,     222,     222,     241,     235,     213,     230,     256,     253,     209,     206,     208,       8,"   3,011"
Middleton,01840000,      55,      94,     101,      94,     104,      87,      89,      84,       0,       0,       0,       0,       0,       0,       0,     708
Milford,01850000,     140,     316,     327,     309,     282,     311,     338,     330,     328,     350,     354,     310,     318,     296,       0,"   4,309"
Millbury,01860000,      75,     119,     102,     117,     113,     127,      96,     116,     141,     125,     134,     117,     122,      97,       0,"   1,601"
Millis,01870000,      53,      86,      82,      90,      80,     102,      88,      80,     107,      79,      90,      93,      70,      75,       0,"   1,175"
Milton,01890000,     113,     350,     334,     373,     370,     391,     387,     321,     321,     286,     261,     283,     276,     278,       8,"   4,352"
Minuteman Regional Vocational Technical,08300000,       0,       0,       0,       0,       0,       0,       0,       0,       0,       0,     199,     175,     158,     123,       0,     655
Mohawk Trail,07170000,      76,      46,      49,      59,      66,      70,      63,      62,      71,      57,      43,      37,      24,      37,       2,     762
Monomoy Regional School District,07120000,      35,     114,     113,     116,     117,     142,     150,     147,     159,     146,     150,     111,     124,     132,       7,"   1,763"
Monson,01910000,      50,      54,      67,      71,      70,      61,      70,      70,      69,      69,      36,      42,      41,      62,       6,     838
Montachusett Regional Vocational Technical,08320000,       0,       0,       0,       0,       0,       0,       0,       0,       0,       0,     371,     368,     335,     339,       0,"   1,413"
Mount Greylock,07150000,      49,      80,      58,      74,      93,      85,      97,      93,     103,      85,      74,     104,      84,      72,       2,"   1,153"
Mystic Valley Regional Charter (District),04700000,       0,     169,     159,     156,     141,     141,     117,     117,     117,     132,      93,     109,      74,      61,       0,"   1,586"
Nahant,01960000,      34,      17,      32,      20,      12,      11,      19,      19,       0,       0,       0,       0,       0,       0,       0,     164
Nantucket,01970000,      48,     122,     112,      97,     110,     114,      94,     121,     148,     152,     153,     123,     147,     127,       4,"   1,672"
Narragansett,07200000,      84,      92,     105,     115,     116,     110,     115,     117,     118,     119,      97,      72,      65,      65,       3,"   1,393"
Nashoba,07250000,      71,     241,     240,     206,     230,     226,     242,     240,     256,     242,     213,     223,     204,     248,       6,"   3,088"
Nashoba Valley Regional Vocational Technical,08520000,       0,       0,       0,       0,       0,       0,       0,       0,       0,       0,     203,     188,     168,     177,       0,     736
Natick,01980000,     132,     406,     359,     382,     421,     394,     413,     409,     434,     412,     394,     384,     387,     381,       0,"   5,308"
Nauset,06600000,       0,       0,       0,       0,       0,       0,       0,     173,     170,     190,     223,     190,     196,     220,       4,"   1,366"
Needham,01990000,      71,     369,     411,     415,     430,     439,     433,     450,     383,     445,     431,     420,     377,     441,       0,"   5,515"
Neighborhood House Charter (District),04440000,      35,      39,      39,      38,      43,      43,      57,      58,      61,      70,      90,      75,      70,      46,       0,     764
New Bedford,02010000,     500,     989,"   1,007",     988,"   1,065","   1,041","   1,030",     900,     965,"   1,020",     822,     759,     763,     655,       0,"  12,504"
New Heights Charter School of Brockton (District),35130000,       0,       0,       0,       0,       0,       0,       0,      90,     123,     115,     122,      89,      83,     122,       0,     744
New Salem-Wendell,07280000,      15,      16,      13,      17,      17,      18,      17,      17,       0,       0,       0,       0,       0,       0,       0,     130
Newburyport,02040000,      64,     115,     130,     154,     142,     135,     146,     145,     163,     172,     189,     204,     211,     175,       5,"   2,150"
Newton,02070000,     179,     738,     813,     837,     881,     858,     914,     880,     991,     948,     958,     941,     968,"   1,038",      30,"  11,974"
Norfolk,02080000,      59,     146,     161,     125,     133,     126,     136,     145,       0,       0,       0,       0,       0,       0,       0,"   1,031"
Norfolk County Agricultural,09150000,       0,       0,       0,       0,       0,       0,       0,       0,       0,       0,     154,     148,     143,     143,       0,     588
North Adams,02090000,      90,     101,      91,      93,     100,      88,     100,      80,      86,      93,      97,      87,      71,      75,       5,"   1,257"
North Andover,02110000,     131,     288,     319,     332,     349,     337,     329,     336,     367,     370,     337,     333,     307,     357,       1,"   4,493"
North Attleborough,02120000,     134,     294,     287,     273,     281,     287,     322,     329,     292,     334,     308,     287,     262,     279,       0,"   3,969"
North Brookfield,02150000,      27,      35,      37,      37,      35,      32,      47,      35,      27,      40,      20,      31,      18,      33,       0,     454
North Middlesex,07350000,      77,     225,     255,     226,     240,     230,     224,     229,     235,     263,     212,     184,     175,     208,       6,"   2,989"
North Reading,02170000,      51,     175,     189,     204,     145,     181,     173,     193,     174,     197,     170,     130,     176,     162,       1,"   2,321"
Northampton,02100000,      87,     145,     151,     183,     182,     186,     197,     148,     221,     210,     234,     201,     245,     220,       8,"   2,618"
Northampton-Smith Vocational Agricultural,04060000,       0,       0,       0,       0,       0,       0,       0,       0,       0,       0,     149,     147,     139,     112,       0,     547
Northboro-Southboro,07300000,       0,       0,       0,       0,       0,       0,       0,       0,       0,       0,     297,     316,     317,     326,      13,"   1,269"
Northborough,02130000,       0,     155,     175,     178,     165,     166,     182,     192,     175,     162,       0,       0,       0,       0,       0,"   1,550"
Northbridge,02140000,      95,     155,     158,     151,     120,     131,     142,     156,     173,     181,     136,     114,     125,     138,       0,"   1,975"
Northeast Metropolitan Regional Vocational Technical,08530000,       0,       0,       0,       0,       0,       0,       0,       0,       0,       0,     339,     344,     305,     319,       0,"   1,307"
Northern Berkshire Regional Vocational Technical,08510000,       0,       0,       0,       0,       0,       0,       0,       0,       0,       0,     157,     129,     129,     108,       0,     523
Norton,02180000,     108,     165,     178,     164,     146,     177,     179,     177,     186,     219,     167,     174,     174,     159,       3,"   2,376"
Norwell,02190000,      46,     160,     166,     189,     163,     170,     162,     179,     160,     160,     154,     161,     153,     163,       0,"   2,186"
Norwood,02200000,     106,     271,     284,     253,     269,     268,     279,     259,     244,     224,     233,     227,     266,     257,       4,"   3,444"
Oak Bluffs,02210000,      15,      35,      50,      36,      49,      32,      54,      57,      53,      46,       0,       0,       0,       0,       0,     427
Old Colony Regional Vocational Technical,08550000,       0,       0,       0,       0,       0,       0,       0,       0,       0,       0,     142,     148,     145,     128,       0,     563
Old Rochester,07400000,       0,       0,       0,       0,       0,       0,       0,       0,     193,     217,     151,     152,     175,     195,       4,"   1,087"
Old Sturbridge Academy Charter Public School (District),35150000,       0,      41,      40,      40,      40,      40,      40,      40,      39,       0,       0,       0,       0,       0,       0,     320
Orange,02230000,      50,      75,      55,      68,      70,      69,      79,      70,       0,       0,       0,       0,       0,       0,       0,     536
Orleans,02240000,       0,      29,      18,      23,      27,      29,      38,       0,       0,       0,       0,       0,       0,       0,       0,     164
Oxford,02260000,      32,     106,      77,     103,     116,     102,     147,     130,     123,     126,     105,     103,      97,      90,       9,"   1,466"
Palmer,02270000,      39,      94,     105,      73,      96,     108,     106,      83,      91,     112,      77,      63,      64,      70,       5,"   1,186"
Pathfinder Regional Vocational Technical,08600000,       0,       0,       0,       0,       0,       0,       0,       0,       0,       0,     173,     176,     145,     135,       0,     629
Paulo Freire Social Justice Charter School (District),35010000,       0,       0,       0,       0,       0,       0,       0,       0,       0,       0,      38,      71,      73,      61,       0,     243
Peabody,02290000,     224,     477,     440,     458,     473,     422,     461,     442,     474,     503,     358,     382,     387,     367,      13,"   5,881"
Pelham,02300000,       0,      14,      16,      15,      19,      15,      20,      18,       0,       0,       0,       0,       0,       0,       0,     117
Pembroke,02310000,      67,     188,     183,     164,     194,     187,     180,     203,     213,     199,     199,     189,     193,     196,       8,"   2,563"
Pentucket,07450000,      89,     176,     148,     177,     168,     172,     153,     166,     183,     146,     155,     143,     159,     175,       0,"   2,210"
Petersham,02340000,       0,      14,      16,      18,      23,       9,      18,      15,       0,       0,       0,       0,       0,       0,       0,     113
Phoenix Academy Charter Public High School Chelsea (District),04930000,       0,       0,       0,       0,       0,       0,       0,       0,       0,       0,     150,       5,      14,      16,       0,     185
Phoenix Academy Public Charter High School Lawrence (District),35180000,       0,       0,       0,       0,       0,       0,       0,       0,       0,       0,      68,       4,      37,      29,       0,     138
Phoenix Academy Public Charter High School Springfield (District),35080000,       0,       0,       0,       0,       0,       0,       0,       0,       0,       0,     122,       4,      24,      25,       0,     175
Pioneer Charter School of Science (District),04940000,       0,      63,      60,      62,      63,      63,      64,      63,      65,      63,      59,      50,      47,      53,       0,     775
Pioneer Charter School of Science II (District),35060000,       0,       0,       0,       0,       0,       0,       0,       0,      73,      73,      66,      56,      48,      60,       0,     376
Pioneer Valley,07500000,      39,      45,      58,      37,      45,      60,      53,      55,      57,      55,      42,      37,      50,      24,       0,     657
Pioneer Valley Chinese Immersion Charter (District),04970000,       0,      44,      44,      44,      45,      43,      44,      65,      58,      52,      44,      28,      21,      40,       0,     572
Pioneer Valley Performing Arts Charter Public (District),04790000,       0,       0,       0,       0,       0,       0,       0,       0,      72,      70,      71,      65,      61,      61,       0,     400
Pittsfield,02360000,     118,     360,     347,     356,     377,     430,     373,     293,     368,     339,     438,     398,     377,     372,       7,"   4,953"
Plainville,02380000,      56,      90,      60,      94,      87,      84,      90,      95,       0,       0,       0,       0,       0,       0,       0,     656
Plymouth,02390000,     189,     544,     505,     505,     529,     519,     485,     475,     532,     554,     655,     590,     562,     552,       0,"   7,196"
Plympton,02400000,       0,      43,      33,      43,      29,      28,      26,      39,       0,       0,       0,       0,       0,       0,       0,     241
Prospect Hill Academy Charter (District),04870000,      38,      61,      65,      85,      91,      92,      92,      80,      89,      92,      86,      81,      82,      62,       0,"   1,096"
Provincetown,02420000,      21,      10,      11,      14,       9,      13,      11,      15,      18,      19,       0,       0,       0,       0,       0,     141
Quabbin,07530000,     123,     156,     152,     166,     150,     174,     150,     153,     195,     185,     182,     140,     129,     160,       8,"   2,223"
Quaboag Regional,07780000,      40,      77,      74,      79,      66,      97,      75,      92,     105,      95,      81,      90,      98,      72,       0,"   1,141"
Quincy,02430000,     282,     693,     686,     708,     703,     692,     686,     680,     697,     704,     708,     709,     711,     721,      24,"   9,404"
Ralph C Mahar,07550000,       0,       0,       0,       0,       0,       0,       0,       0,      94,     126,     102,      73,      87,      75,       0,     557
Randolph,02440000,      83,     219,     181,     225,     201,     234,     192,     188,     220,     224,     181,     140,     132,     139,      12,"   2,571"
Reading,02460000,     102,     291,     246,     320,     309,     289,     263,     298,     308,     285,     251,     293,     295,     296,       0,"   3,846"
Revere,02480000,     147,     511,     549,     532,     556,     562,     550,     554,     528,     586,     670,     515,     467,     404,      10,"   7,141"
Richmond,02490000,      12,      15,      16,      17,      17,      18,      14,      19,      14,      15,       0,       0,       0,       0,       0,     157
Rising Tide Charter Public (District),04830000,       0,       0,       0,       0,       0,       0,      89,      92,      92,      91,      73,      66,      75,      77,       0,     655
River Valley Charter (District),04820000,       0,      32,      32,      34,      32,      33,      31,      31,      32,      31,       0,       0,       0,       0,       0,     288
Rochester,02500000,      25,      56,      63,      62,      70,      89,      66,      85,       0,       0,       0,       0,       0,       0,       0,     516
Rockland,02510000,      52,     154,     141,     157,     176,     158,     173,     188,     186,     185,     145,     130,     128,     140,       5,"   2,118"
Rockport,02520000,      24,      43,      46,      36,      51,      55,      57,      67,      70,      68,      46,      66,      61,      58,       0,     748
Rowe,02530000,       7,       4,       7,      12,       6,      11,      13,       5,       0,       0,       0,       0,       0,       0,       0,      65
Roxbury Preparatory Charter (District),04840000,       0,       0,       0,       0,       0,       0,     128,     218,     243,     252,     243,     180,     130,     127,       0,"   1,521"
Salem,02580000,     167,     279,     287,     326,     302,     331,     336,     246,     256,     262,     259,     205,     215,     189,       5,"   3,665"
Salem Academy Charter (District),04850000,       0,       0,       0,       0,       0,       0,       0,      72,      72,      71,      78,      67,      71,      64,       0,     495
Sandwich,02610000,      76,     151,     167,     153,     197,     180,     169,     191,     177,     216,     143,     143,     161,     161,       3,"   2,288"
Saugus,02620000,      53,     152,     168,     183,     188,     196,     194,     201,     193,     214,     173,     173,     174,     168,       6,"   2,436"
Savoy,02630000,       3,       6,       5,       6,       6,      10,       7,       8,       0,       0,       0,       0,       0,       0,       0,      51
Scituate,02640000,      69,     193,     195,     215,     230,     215,     195,     206,     200,     192,     202,     208,     186,     266,       0,"   2,772"
Seekonk,02650000,      49,     153,     174,     160,     158,     161,     178,     155,     150,     146,     158,     137,     133,     163,       0,"   2,075"
Sharon,02660000,      50,     191,     238,     249,     274,     259,     261,     285,     288,     303,     266,     270,     287,     316,       0,"   3,537"
Shawsheen Valley Regional Vocational Technical,08710000,       0,       0,       0,       0,       0,       0,       0,       0,       0,       0,     357,     344,     296,     320,       0,"   1,317"
Sherborn,02690000,      11,      63,      60,      70,      62,      59,      78,       0,       0,       0,       0,       0,       0,       0,       0,     403
Shrewsbury,02710000,     164,     343,     339,     417,     429,     427,     483,     469,     481,     498,     459,     450,     464,     461,       1,"   5,885"
Shutesbury,02720000,      13,      16,      10,      20,      14,      11,      18,      13,       0,       0,       0,       0,       0,       0,       0,     115
Silver Lake,07600000,     123,       0,       0,       0,       0,       0,       0,       0,     248,     261,     273,     252,     266,     261,       7,"   1,691"
Sizer School: A North Central Charter Essential (District),04740000,       0,       0,       0,       0,       0,       0,       0,       0,      67,      73,      60,      59,      50,      41,       0,     350
Somerset,02730000,      52,     153,     147,     147,     183,     175,     197,     167,     192,     233,       0,       0,       0,       0,       0,"   1,646"
Somerset Berkley Regional School District,07630000,       0,       0,       0,       0,       0,       0,       0,       0,       0,       0,     244,     260,     239,     246,       7,     996
Somerville,02740000,     236,     350,     360,     388,     355,     301,     320,     355,     338,     314,     393,     337,     287,     329,      10,"   4,673"
South Hadley,02780000,      62,     128,      96,     111,     147,     131,     150,     130,     133,     123,     142,     131,     134,     138,       7,"   1,763"
South Middlesex Regional Vocational Technical,08290000,       0,       0,       0,       0,       0,       0,       0,       0,       0,       0,     232,     222,     201,     195,       0,     850
South Shore Charter Public (District),04880000,       0,      74,      74,      80,      85,      85,      76,      80,      80,      82,      96,      80,      90,      68,       0,"   1,050"
South Shore Regional Vocational Technical,08730000,       0,       0,       0,       0,       0,       0,       0,       0,       0,       0,     170,     168,     162,     155,       0,     655
Southampton,02750000,      32,      63,      60,      57,      68,      52,      76,      58,       0,       0,       0,       0,       0,       0,       0,     466
Southborough,02760000,     104,     117,     114,     144,     125,     137,     123,     128,     127,     128,       0,       0,       0,       0,       0,"   1,247"
Southbridge,02770000,      40,     141,     140,     159,     124,     154,     155,     129,     132,     159,     158,     131,     101,      82,       0,"   1,805"
Southeastern Regional Vocational Technical,08720000,       0,       0,       0,       0,       0,       0,       0,       0,       0,       0,     407,     407,     389,     347,       0,"   1,550"
Southern Berkshire,07650000,      45,      57,      53,      44,      48,      35,      47,      46,      44,      34,      49,      30,      52,      49,       0,     633
Southern Worcester County Regional Vocational School District,08760000,       0,       0,       0,       0,       0,       0,       0,       0,       0,       0,     321,     298,     275,     279,       0,"   1,173"
Southwick-Tolland-Granville Regional School District,07660000,      43,      85,      94,      87,      96,      86,     103,     107,     123,     118,     100,     102,      99,     116,       0,"   1,359"
Spencer-E Brookfield,07670000,      82,     110,      89,     112,      98,     110,     123,      99,      95,     134,     105,      95,      76,      64,       3,"   1,395"
Springfield,02810000,"   1,345","   1,600","   1,684","   1,789","   1,785","   1,757","   1,726","   1,546","   1,556","   1,696","   2,153","   1,754","   1,604","   1,678",     126,"  23,799"
Springfield International Charter (District),04410000,       0,     103,     113,     118,     121,     158,     124,     126,     151,     125,     101,     101,      83,      94,       1,"   1,519"
Springfield Preparatory Charter School (District),35100000,       0,      54,      56,      54,      54,      55,      54,      54,      52,       0,       0,       0,       0,       0,       0,     433
Stoneham,02840000,      89,     169,     186,     167,     178,     166,     181,     172,     157,     199,     144,     148,     146,     139,       2,"   2,243"
Stoughton,02850000,     125,     294,     237,     259,     233,     232,     241,     277,     259,     271,     314,     284,     222,     223,       6,"   3,477"
Sturbridge,02870000,      66,     116,     100,     115,      96,     113,     126,     114,       0,       0,       0,       0,       0,       0,       0,     846
Sturgis Charter Public (District),04890000,       0,       0,       0,       0,       0,       0,       0,       0,       0,       0,     215,     202,     221,     208,       0,     846
Sudbury,02880000,      64,     248,     227,     300,     259,     274,     277,     290,     285,     293,       0,       0,       0,       0,       0,"   2,517"
Sunderland,02890000,      15,      21,      14,      24,      28,      28,      27,      31,       0,       0,       0,       0,       0,       0,       0,     188
Sutton,02900000,      20,      82,      92,      84,     103,      95,      73,     101,     102,      98,      82,      93,      91,      93,       0,"   1,209"
Swampscott,02910000,      54,     148,     141,     148,     142,     127,     136,     154,     164,     174,     151,     154,     154,     189,       5,"   2,041"
Swansea,02920000,      47,     152,     142,     152,     141,     162,     174,     147,     178,     174,     139,     169,     111,     122,       3,"   2,013"
Tantasqua,07700000,       0,       0,       0,       0,       0,       0,       0,       0,     293,     297,     323,     305,     282,     288,       1,"   1,789"
Taunton,02930000,     264,     582,     527,     558,     586,     590,     599,     606,     653,     662,     528,     549,     501,     543,       9,"   7,757"
TEC Connections Academy Commonwealth Virtual School District,39020000,       0,      74,      70,      70,     100,     149,     120,     170,     224,     317,     396,     357,     328,     311,       0,"   2,686"
Tewksbury,02950000,     156,     229,     257,     250,     235,     235,     265,     240,     247,     264,     174,     198,     197,     229,       4,"   3,180"
Tisbury,02960000,      11,      33,      36,      27,      26,      35,      30,      27,      22,      39,       0,       0,       0,       0,       0,     286
Topsfield,02980000,      43,      82,      74,      83,      83,      86,      89,      82,       0,       0,       0,       0,       0,       0,       0,     622
Tri-County Regional Vocational Technical,08780000,       0,       0,       0,       0,       0,       0,       0,       0,       0,       0,     236,     249,     222,     232,       0,     939
Triton,07730000,     132,     167,     132,     165,     154,     154,     160,     169,     157,     180,     174,     151,     183,     139,       0,"   2,217"
Truro,03000000,      23,      17,      12,      12,      14,      15,      16,       2,       0,       0,       0,       0,       0,       0,       0,     111
Tyngsborough,03010000,      65,     122,     111,     114,     128,     122,     144,     113,     126,     154,      98,      88,     110,     129,       0,"   1,624"
UP Academy Charter School of Boston (District),04800000,       0,       0,       0,       0,       0,       0,       0,      99,      96,     122,       0,       0,       0,       0,       0,     317
UP Academy Charter School of Dorchester (District),35050000,      59,      62,      67,      66,      72,      74,      74,      63,      54,      62,       0,       0,       0,       0,       0,     653
Up-Island Regional,07740000,       7,      32,      43,      40,      55,      46,      44,      44,      49,      53,       0,       0,       0,       0,       0,     413
Upper Cape Cod Regional Vocational Technical,08790000,       0,       0,       0,       0,       0,       0,       0,       0,       0,       0,     215,     196,     161,     172,       0,     744
Uxbridge,03040000,      65,     127,     107,     113,     115,     125,     113,     128,     148,     116,     121,     119,     111,     116,       2,"   1,626"
Veritas Preparatory Charter School (District),04980000,       0,       0,       0,       0,       0,       0,      74,     105,      97,     104,       0,       0,       0,       0,       0,     380
Wachusett,07750000,     127,     508,     492,     469,     505,     473,     540,     560,     541,     548,     483,     493,     495,     475,      18,"   6,727"
Wakefield,03050000,     102,     249,     290,     254,     245,     271,     271,     258,     266,     266,     211,     189,     206,     240,       0,"   3,318"
Wales,03060000,      17,      12,      15,      17,      10,      12,      14,      21,       0,       0,       0,       0,       0,       0,       0,     118
Walpole,03070000,      88,     285,     316,     289,     287,     278,     278,     273,     258,     271,     242,     260,     254,     282,       6,"   3,667"
Waltham,03080000,     117,     444,     429,     416,     423,     420,     434,     400,     381,     389,     416,     423,     419,     384,       1,"   5,496"
Ware,03090000,      54,      76,      70,      85,      88,      79,      78,      98,      97,     102,     107,      70,      62,      54,       4,"   1,124"
Wareham,03100000,      65,     190,     163,     188,     146,     173,     125,     164,     173,     203,     129,     109,     102,     103,      10,"   2,043"
Watertown,03140000,     115,     231,     198,     193,     204,     207,     187,     176,     167,     188,     210,     177,     166,     147,       5,"   2,571"
Wayland,03150000,       0,     197,     224,     205,     192,     242,     218,     204,     198,     200,     232,     213,     191,     195,       0,"   2,711"
Webster,03160000,      41,     127,     125,     151,     134,     128,     149,     154,     152,     133,     128,      74,      91,     102,       8,"   1,697"
Wellesley,03170000,      94,     287,     257,     288,     308,     320,     322,     315,     323,     370,     342,     357,     360,     336,      11,"   4,290"
Wellfleet,03180000,       0,      22,      17,      13,      23,      18,      19,       0,       0,       0,       0,       0,       0,       0,       0,     112
West Boylston,03220000,      37,      74,      44,      65,      61,      63,      63,      67,      67,      78,      51,      58,      67,      84,       0,     879
West Bridgewater,03230000,      52,      92,     120,      90,     108,      89,     103,     103,     104,     120,      94,      99,     102,     103,       0,"   1,379"
West Springfield,03320000,      89,     237,     303,     284,     279,     290,     307,     302,     283,     292,     319,     288,     278,     282,      18,"   3,851"
Westborough,03210000,     133,     255,     261,     277,     271,     298,     300,     291,     293,     299,     320,     296,     262,     291,       9,"   3,856"
Westfield,03250000,      79,     315,     315,     331,     360,     319,     345,     355,     333,     381,     409,     404,     399,     417,      12,"   4,774"
Westford,03260000,      97,     277,     308,     312,     316,     338,     317,     391,     386,     359,     370,     379,     429,     386,       3,"   4,668"
Westhampton,03270000,       8,      14,       8,      13,      12,      12,      19,      17,       0,       0,       0,       0,       0,       0,       0,     103
Weston,03300000,      35,     141,     138,     140,     141,     121,     142,     151,     149,     152,     166,     158,     155,     159,       0,"   1,948"
Westport,03310000,      50,     112,     109,     109,     115,     107,     118,     136,     139,     116,      97,      81,      69,      69,       3,"   1,430"
Westwood,03350000,      44,     201,     214,     177,     219,     218,     207,     222,     234,     206,     214,     236,     249,     250,       3,"   2,894"
Weymouth,03360000,     171,     384,     411,     380,     376,     393,     397,     384,     400,     454,     474,     450,     417,     454,      15,"   5,560"
Whately,03370000,      15,      14,      17,      19,      16,      13,      15,      12,       0,       0,       0,       0,       0,       0,       0,     121
Whitman-Hanson,07800000,      91,     237,     232,     257,     251,     270,     265,     274,     282,     310,     254,     239,     295,     286,      13,"   3,556"
Whittier Regional Vocational Technical,08850000,       0,       0,       0,       0,       0,       0,       0,       0,       0,       0,     330,     332,     329,     291,       0,"   1,282"
Williamsburg,03400000,      12,      13,      10,      17,      23,      18,      19,      26,       0,       0,       0,       0,       0,       0,       0,     138
Wilmington,03420000,      76,     210,     232,     228,     214,     256,     207,     238,     189,     256,     129,     172,     190,     203,       1,"   2,801"
Winchendon,03430000,      72,     112,      90,      89,     100,      97,     100,      82,      79,      94,      90,      68,      62,      71,       0,"   1,206"
Winchester,03440000,      61,     280,     262,     345,     331,     324,     351,     349,     338,     372,     323,     341,     342,     343,       0,"   4,362"
Winthrop,03460000,      41,     147,     140,     153,     143,     123,     149,     130,     138,     155,     148,     140,     129,     145,       2,"   1,883"
Woburn,03470000,     150,     344,     308,     341,     328,     299,     330,     307,     334,     329,     334,     280,     272,     329,      10,"   4,295"
Worcester,03480000,     822,"   1,836","   1,618","   1,755","   1,759","   1,756","   1,712","   1,683","   1,748","   1,733","   1,943","   1,856","   1,710","   1,743",      61,"  23,735"
Worthington,03490000,      13,       6,      10,       5,       6,      13,       7,       7,       0,       0,       0,       0,       0,       0,       0,      67
Wrentham,03500000,      81,     126,     119,     108,     107,     134,     125,     121,       0,       0,       0,       0,       0,       0,       0,     921
State Totals,00000000,"  27,714","  62,374","  62,602","  64,073","  65,481","  65,789","  66,972","  67,110","  69,038","  71,463","  75,727","  71,088","  69,758","  70,661","   1,679"," 911,529"